timestamp, utilization.gpu [%], utilization.memory [%], memory.used [MiB], memory.total [MiB], temperature.gpu, power.draw [W], power.limit [W], clocks.current.sm [MHz], clocks.current.memory [MHz], pstate
2026/07/08 22:18:33.780, 0 %, 0 %, 67303 MiB, 81920 MiB, 37, 75.04 W, 400.00 W, 1155 MHz, 1593 MHz, P0
2026/07/08 22:18:34.051, 14 %, 2 %, 67323 MiB, 81920 MiB, 39, 170.59 W, 400.00 W, 1155 MHz, 1593 MHz, P0
2026/07/08 22:18:34.302, 92 %, 22 %, 67415 MiB, 81920 MiB, 44, 347.52 W, 400.00 W, 1395 MHz, 1593 MHz, P0
2026/07/08 22:18:34.552, 1 %, 0 %, 67415 MiB, 81920 MiB, 39, 91.14 W, 400.00 W, 1410 MHz, 1593 MHz, P0
2026/07/08 22:18:34.802, 44 %, 8 %, 67415 MiB, 81920 MiB, 41, 125.66 W, 400.00 W, 1410 MHz, 1593 MHz, P0
2026/07/08 22:18:35.053, 100 %, 74 %, 67415 MiB, 81920 MiB, 47, 396.24 W, 400.00 W, 1380 MHz, 1593 MHz, P0
2026/07/08 22:18:35.303, 100 %, 73 %, 67415 MiB, 81920 MiB, 48, 404.40 W, 400.00 W, 1350 MHz, 1593 MHz, P0
2026/07/08 22:18:35.554, 100 %, 68 %, 67415 MiB, 81920 MiB, 49, 392.59 W, 400.00 W, 1365 MHz, 1593 MHz, P0
2026/07/08 22:18:35.804, 100 %, 65 %, 67415 MiB, 81920 MiB, 49, 400.15 W, 400.00 W, 1395 MHz, 1593 MHz, P0
2026/07/08 22:18:36.055, 100 %, 65 %, 67415 MiB, 81920 MiB, 50, 388.67 W, 400.00 W, 1335 MHz, 1593 MHz, P0
2026/07/08 22:18:36.305, 100 %, 64 %, 67415 MiB, 81920 MiB, 50, 402.87 W, 400.00 W, 1335 MHz, 1593 MHz, P0
2026/07/08 22:18:36.556, 100 %, 66 %, 67415 MiB, 81920 MiB, 45, 115.03 W, 400.00 W, 1410 MHz, 1593 MHz, P0
2026/07/08 22:18:36.823, 100 %, 51 %, 67415 MiB, 81920 MiB, 48, 337.17 W, 400.00 W, 1395 MHz, 1593 MHz, P0
2026/07/08 22:18:37.074, 100 %, 73 %, 67415 MiB, 81920 MiB, 50, 398.03 W, 400.00 W, 1380 MHz, 1593 MHz, P0
2026/07/08 22:18:37.325, 100 %, 72 %, 67415 MiB, 81920 MiB, 51, 375.94 W, 400.00 W, 1365 MHz, 1593 MHz, P0
2026/07/08 22:18:37.578, 100 %, 66 %, 67415 MiB, 81920 MiB, 51, 416.20 W, 400.00 W, 1335 MHz, 1593 MHz, P0
2026/07/08 22:18:37.829, 100 %, 68 %, 67415 MiB, 81920 MiB, 52, 394.11 W, 400.00 W, 1350 MHz, 1593 MHz, P0
2026/07/08 22:18:38.079, 100 %, 66 %, 67415 MiB, 81920 MiB, 52, 388.94 W, 400.00 W, 1350 MHz, 1593 MHz, P0
2026/07/08 22:18:38.330, 100 %, 62 %, 67415 MiB, 81920 MiB, 52, 344.44 W, 400.00 W, 1395 MHz, 1593 MHz, P0
2026/07/08 22:18:38.581, 100 %, 75 %, 67415 MiB, 81920 MiB, 52, 397.43 W, 400.00 W, 1380 MHz, 1593 MHz, P0
2026/07/08 22:18:38.832, 100 %, 75 %, 67415 MiB, 81920 MiB, 52, 388.67 W, 400.00 W, 1350 MHz, 1593 MHz, P0
2026/07/08 22:18:39.082, 100 %, 71 %, 67419 MiB, 81920 MiB, 52, 396.51 W, 400.00 W, 1350 MHz, 1593 MHz, P0
2026/07/08 22:18:39.333, 100 %, 68 %, 67419 MiB, 81920 MiB, 52, 403.47 W, 400.00 W, 1395 MHz, 1593 MHz, P0
2026/07/08 22:18:39.584, 100 %, 74 %, 67419 MiB, 81920 MiB, 53, 415.00 W, 400.00 W, 1365 MHz, 1593 MHz, P0
2026/07/08 22:18:39.834, 100 %, 73 %, 67419 MiB, 81920 MiB, 53, 386.83 W, 400.00 W, 1365 MHz, 1593 MHz, P0
2026/07/08 22:18:40.085, 100 %, 70 %, 67419 MiB, 81920 MiB, 53, 364.73 W, 400.00 W, 1365 MHz, 1593 MHz, P0
2026/07/08 22:18:40.335, 100 %, 70 %, 67419 MiB, 81920 MiB, 53, 413.21 W, 400.00 W, 1395 MHz, 1593 MHz, P0
2026/07/08 22:18:40.586, 100 %, 74 %, 67419 MiB, 81920 MiB, 53, 385.90 W, 400.00 W, 1380 MHz, 1593 MHz, P0
2026/07/08 22:18:40.836, 100 %, 72 %, 67699 MiB, 81920 MiB, 53, 384.70 W, 400.00 W, 1335 MHz, 1593 MHz, P0
2026/07/08 22:18:41.088, 100 %, 72 %, 67839 MiB, 81920 MiB, 54, 418.65 W, 400.00 W, 1365 MHz, 1593 MHz, P0
2026/07/08 22:18:41.339, 100 %, 67 %, 67839 MiB, 81920 MiB, 53, 383.77 W, 400.00 W, 1395 MHz, 1593 MHz, P0
2026/07/08 22:18:41.589, 100 %, 73 %, 67839 MiB, 81920 MiB, 54, 404.99 W, 400.00 W, 1380 MHz, 1593 MHz, P0
2026/07/08 22:18:41.840, 100 %, 73 %, 67839 MiB, 81920 MiB, 54, 400.15 W, 400.00 W, 1350 MHz, 1593 MHz, P0
2026/07/08 22:18:42.090, 100 %, 71 %, 67979 MiB, 81920 MiB, 54, 405.32 W, 400.00 W, 1335 MHz, 1593 MHz, P0
2026/07/08 22:18:42.341, 100 %, 66 %, 68119 MiB, 81920 MiB, 53, 390.14 W, 400.00 W, 1380 MHz, 1593 MHz, P0
2026/07/08 22:18:42.591, 100 %, 69 %, 68119 MiB, 81920 MiB, 54, 408.64 W, 400.00 W, 1380 MHz, 1593 MHz, P0
2026/07/08 22:18:42.841, 100 %, 70 %, 68259 MiB, 81920 MiB, 54, 406.25 W, 400.00 W, 1365 MHz, 1593 MHz, P0
2026/07/08 22:18:43.092, 100 %, 68 %, 68259 MiB, 81920 MiB, 55, 408.04 W, 400.00 W, 1320 MHz, 1593 MHz, P0
2026/07/08 22:18:43.342, 100 %, 68 %, 68259 MiB, 81920 MiB, 55, 409.24 W, 400.00 W, 1335 MHz, 1593 MHz, P0
2026/07/08 22:18:43.593, 100 %, 67 %, 68259 MiB, 81920 MiB, 55, 372.30 W, 400.00 W, 1335 MHz, 1593 MHz, P0
2026/07/08 22:18:43.843, 100 %, 67 %, 68259 MiB, 81920 MiB, 55, 414.68 W, 400.00 W, 1350 MHz, 1593 MHz, P0
2026/07/08 22:18:44.094, 100 %, 65 %, 68259 MiB, 81920 MiB, 55, 368.65 W, 400.00 W, 1350 MHz, 1593 MHz, P0
2026/07/08 22:18:44.344, 100 %, 64 %, 68259 MiB, 81920 MiB, 55, 425.02 W, 400.00 W, 1350 MHz, 1593 MHz, P0
2026/07/08 22:18:44.595, 100 %, 65 %, 68259 MiB, 81920 MiB, 55, 383.50 W, 400.00 W, 1335 MHz, 1593 MHz, P0
2026/07/08 22:18:44.845, 100 %, 66 %, 68269 MiB, 81920 MiB, 55, 396.51 W, 400.00 W, 1365 MHz, 1593 MHz, P0
2026/07/08 22:18:45.096, 100 %, 66 %, 68271 MiB, 81920 MiB, 55, 352.93 W, 400.00 W, 1410 MHz, 1593 MHz, P0
2026/07/08 22:18:45.347, 100 %, 68 %, 68271 MiB, 81920 MiB, 55, 412.56 W, 400.00 W, 1365 MHz, 1593 MHz, P0
2026/07/08 22:18:45.597, 100 %, 72 %, 68273 MiB, 81920 MiB, 55, 404.72 W, 400.00 W, 1350 MHz, 1593 MHz, P0
2026/07/08 22:18:45.848, 100 %, 71 %, 68273 MiB, 81920 MiB, 55, 374.09 W, 400.00 W, 1380 MHz, 1593 MHz, P0
2026/07/08 22:18:46.099, 100 %, 67 %, 68273 MiB, 81920 MiB, 55, 350.52 W, 400.00 W, 1380 MHz, 1593 MHz, P0
2026/07/08 22:18:46.349, 100 %, 73 %, 68273 MiB, 81920 MiB, 56, 398.36 W, 400.00 W, 1350 MHz, 1593 MHz, P0
2026/07/08 22:18:46.600, 100 %, 71 %, 68273 MiB, 81920 MiB, 56, 371.10 W, 400.00 W, 1365 MHz, 1593 MHz, P0
2026/07/08 22:18:46.850, 100 %, 68 %, 68273 MiB, 81920 MiB, 55, 383.50 W, 400.00 W, 1395 MHz, 1593 MHz, P0
2026/07/08 22:18:47.101, 100 %, 72 %, 68413 MiB, 81920 MiB, 56, 380.78 W, 400.00 W, 1350 MHz, 1593 MHz, P0
2026/07/08 22:18:47.351, 100 %, 71 %, 68413 MiB, 81920 MiB, 56, 381.05 W, 400.00 W, 1350 MHz, 1593 MHz, P0
2026/07/08 22:18:47.602, 100 %, 67 %, 68413 MiB, 81920 MiB, 56, 398.63 W, 400.00 W, 1380 MHz, 1593 MHz, P0
2026/07/08 22:18:47.852, 100 %, 70 %, 68413 MiB, 81920 MiB, 56, 415.33 W, 400.00 W, 1365 MHz, 1593 MHz, P0
2026/07/08 22:18:48.102, 100 %, 74 %, 68413 MiB, 81920 MiB, 56, 403.20 W, 400.00 W, 1350 MHz, 1593 MHz, P0
2026/07/08 22:18:48.353, 100 %, 68 %, 68413 MiB, 81920 MiB, 57, 381.65 W, 400.00 W, 1350 MHz, 1593 MHz, P0
2026/07/08 22:18:48.603, 100 %, 68 %, 68413 MiB, 81920 MiB, 56, 383.77 W, 400.00 W, 1380 MHz, 1593 MHz, P0
2026/07/08 22:18:48.854, 100 %, 70 %, 68413 MiB, 81920 MiB, 57, 388.35 W, 400.00 W, 1350 MHz, 1593 MHz, P0
2026/07/08 22:18:49.104, 100 %, 66 %, 68415 MiB, 81920 MiB, 57, 402.27 W, 400.00 W, 1335 MHz, 1593 MHz, P0
2026/07/08 22:18:49.355, 100 %, 65 %, 68415 MiB, 81920 MiB, 57, 404.72 W, 400.00 W, 1365 MHz, 1593 MHz, P0
2026/07/08 22:18:49.605, 100 %, 70 %, 68415 MiB, 81920 MiB, 57, 401.08 W, 400.00 W, 1335 MHz, 1593 MHz, P0
2026/07/08 22:18:49.856, 100 %, 66 %, 68415 MiB, 81920 MiB, 57, 378.06 W, 400.00 W, 1350 MHz, 1593 MHz, P0
2026/07/08 22:18:50.106, 100 %, 67 %, 68415 MiB, 81920 MiB, 57, 364.41 W, 400.00 W, 1365 MHz, 1593 MHz, P0
2026/07/08 22:18:50.357, 100 %, 66 %, 68415 MiB, 81920 MiB, 57, 403.47 W, 400.00 W, 1335 MHz, 1593 MHz, P0
2026/07/08 22:18:50.607, 100 %, 67 %, 68415 MiB, 81920 MiB, 57, 417.13 W, 400.00 W, 1350 MHz, 1593 MHz, P0
2026/07/08 22:18:50.858, 100 %, 66 %, 68415 MiB, 81920 MiB, 57, 362.29 W, 400.00 W, 1350 MHz, 1593 MHz, P0
2026/07/08 22:18:51.108, 100 %, 67 %, 68415 MiB, 81920 MiB, 57, 372.30 W, 400.00 W, 1320 MHz, 1593 MHz, P0
2026/07/08 22:18:51.359, 100 %, 67 %, 68415 MiB, 81920 MiB, 57, 406.84 W, 400.00 W, 1350 MHz, 1593 MHz, P0
2026/07/08 22:18:51.609, 100 %, 68 %, 68415 MiB, 81920 MiB, 58, 434.70 W, 400.00 W, 1365 MHz, 1593 MHz, P0
2026/07/08 22:18:51.860, 100 %, 62 %, 68419 MiB, 81920 MiB, 58, 410.16 W, 400.00 W, 1410 MHz, 1593 MHz, P0
2026/07/08 22:18:52.110, 100 %, 54 %, 68419 MiB, 81920 MiB, 57, 372.89 W, 400.00 W, 1395 MHz, 1593 MHz, P0
2026/07/08 22:18:52.362, 100 %, 74 %, 68419 MiB, 81920 MiB, 58, 397.10 W, 400.00 W, 1350 MHz, 1593 MHz, P0
2026/07/08 22:18:52.613, 100 %, 69 %, 68419 MiB, 81920 MiB, 58, 388.94 W, 400.00 W, 1365 MHz, 1593 MHz, P0
2026/07/08 22:18:52.863, 100 %, 67 %, 68419 MiB, 81920 MiB, 57, 379.86 W, 400.00 W, 1350 MHz, 1593 MHz, P0
2026/07/08 22:18:53.114, 100 %, 68 %, 68419 MiB, 81920 MiB, 58, 377.47 W, 400.00 W, 1350 MHz, 1593 MHz, P0
2026/07/08 22:18:53.364, 100 %, 72 %, 68419 MiB, 81920 MiB, 58, 401.35 W, 400.00 W, 1350 MHz, 1593 MHz, P0
2026/07/08 22:18:53.615, 100 %, 67 %, 68419 MiB, 81920 MiB, 58, 394.99 W, 400.00 W, 1350 MHz, 1593 MHz, P0
2026/07/08 22:18:53.865, 100 %, 68 %, 68419 MiB, 81920 MiB, 58, 402.60 W, 400.00 W, 1380 MHz, 1593 MHz, P0
2026/07/08 22:18:54.116, 100 %, 71 %, 68419 MiB, 81920 MiB, 58, 405.32 W, 400.00 W, 1380 MHz, 1593 MHz, P0
2026/07/08 22:18:54.366, 100 %, 69 %, 68419 MiB, 81920 MiB, 58, 411.96 W, 400.00 W, 1335 MHz, 1593 MHz, P0
2026/07/08 22:18:54.617, 100 %, 66 %, 68419 MiB, 81920 MiB, 59, 413.48 W, 400.00 W, 1320 MHz, 1593 MHz, P0
2026/07/08 22:18:54.867, 100 %, 68 %, 68419 MiB, 81920 MiB, 58, 402.60 W, 400.00 W, 1365 MHz, 1593 MHz, P0
2026/07/08 22:18:55.118, 100 %, 71 %, 68419 MiB, 81920 MiB, 58, 386.55 W, 400.00 W, 1335 MHz, 1593 MHz, P0
2026/07/08 22:18:55.368, 100 %, 68 %, 68419 MiB, 81920 MiB, 59, 409.24 W, 400.00 W, 1350 MHz, 1593 MHz, P0
2026/07/08 22:18:55.619, 100 %, 68 %, 68419 MiB, 81920 MiB, 59, 389.87 W, 400.00 W, 1365 MHz, 1593 MHz, P0
2026/07/08 22:18:55.869, 100 %, 64 %, 68419 MiB, 81920 MiB, 59, 406.84 W, 400.00 W, 1365 MHz, 1593 MHz, P0
2026/07/08 22:18:56.119, 100 %, 66 %, 68419 MiB, 81920 MiB, 59, 404.12 W, 400.00 W, 1320 MHz, 1593 MHz, P0
2026/07/08 22:18:56.370, 100 %, 67 %, 68419 MiB, 81920 MiB, 59, 385.02 W, 400.00 W, 1350 MHz, 1593 MHz, P0
2026/07/08 22:18:56.621, 100 %, 66 %, 68419 MiB, 81920 MiB, 59, 406.52 W, 400.00 W, 1335 MHz, 1593 MHz, P0
2026/07/08 22:18:56.871, 100 %, 65 %, 68419 MiB, 81920 MiB, 59, 377.14 W, 400.00 W, 1320 MHz, 1593 MHz, P0
2026/07/08 22:18:57.122, 100 %, 64 %, 68419 MiB, 81920 MiB, 59, 381.39 W, 400.00 W, 1350 MHz, 1593 MHz, P0
2026/07/08 22:18:57.372, 100 %, 64 %, 68433 MiB, 81920 MiB, 59, 379.26 W, 400.00 W, 1395 MHz, 1593 MHz, P0
2026/07/08 22:18:57.623, 100 %, 43 %, 68433 MiB, 81920 MiB, 58, 341.15 W, 400.00 W, 1410 MHz, 1593 MHz, P0
2026/07/08 22:18:57.873, 100 %, 62 %, 68433 MiB, 81920 MiB, 59, 411.09 W, 400.00 W, 1380 MHz, 1593 MHz, P0
2026/07/08 22:18:58.124, 100 %, 75 %, 68433 MiB, 81920 MiB, 59, 407.44 W, 400.00 W, 1365 MHz, 1593 MHz, P0
2026/07/08 22:18:58.375, 100 %, 69 %, 68433 MiB, 81920 MiB, 59, 405.32 W, 400.00 W, 1335 MHz, 1593 MHz, P0
2026/07/08 22:18:58.626, 100 %, 68 %, 68433 MiB, 81920 MiB, 59, 403.80 W, 400.00 W, 1380 MHz, 1593 MHz, P0
2026/07/08 22:18:58.880, 100 %, 72 %, 68433 MiB, 81920 MiB, 59, 414.08 W, 400.00 W, 1350 MHz, 1593 MHz, P0
2026/07/08 22:18:59.130, 100 %, 72 %, 68433 MiB, 81920 MiB, 59, 406.52 W, 400.00 W, 1365 MHz, 1593 MHz, P0
2026/07/08 22:18:59.383, 100 %, 69 %, 68433 MiB, 81920 MiB, 59, 431.38 W, 400.00 W, 1350 MHz, 1593 MHz, P0
2026/07/08 22:18:59.634, 100 %, 66 %, 68433 MiB, 81920 MiB, 59, 404.12 W, 400.00 W, 1380 MHz, 1593 MHz, P0
2026/07/08 22:18:59.885, 100 %, 73 %, 68433 MiB, 81920 MiB, 60, 410.16 W, 400.00 W, 1350 MHz, 1593 MHz, P0
2026/07/08 22:19:00.136, 100 %, 69 %, 68433 MiB, 81920 MiB, 60, 388.35 W, 400.00 W, 1350 MHz, 1593 MHz, P0
2026/07/08 22:19:00.386, 100 %, 68 %, 68433 MiB, 81920 MiB, 59, 375.61 W, 400.00 W, 1365 MHz, 1593 MHz, P0
2026/07/08 22:19:00.637, 100 %, 68 %, 68433 MiB, 81920 MiB, 60, 402.27 W, 400.00 W, 1380 MHz, 1593 MHz, P0
2026/07/08 22:19:00.887, 100 %, 68 %, 68433 MiB, 81920 MiB, 60, 413.48 W, 400.00 W, 1335 MHz, 1593 MHz, P0
2026/07/08 22:19:01.138, 100 %, 68 %, 68433 MiB, 81920 MiB, 60, 382.30 W, 400.00 W, 1350 MHz, 1593 MHz, P0
2026/07/08 22:19:01.388, 100 %, 68 %, 68433 MiB, 81920 MiB, 60, 394.38 W, 400.00 W, 1305 MHz, 1593 MHz, P0
2026/07/08 22:19:01.652, 100 %, 70 %, 68433 MiB, 81920 MiB, 60, 395.90 W, 400.00 W, 1350 MHz, 1593 MHz, P0
2026/07/08 22:19:01.903, 100 %, 65 %, 68433 MiB, 81920 MiB, 60, 419.25 W, 400.00 W, 1320 MHz, 1593 MHz, P0
2026/07/08 22:19:02.153, 100 %, 64 %, 68433 MiB, 81920 MiB, 60, 400.15 W, 400.00 W, 1335 MHz, 1593 MHz, P0
2026/07/08 22:19:02.404, 100 %, 66 %, 68433 MiB, 81920 MiB, 60, 394.11 W, 400.00 W, 1320 MHz, 1593 MHz, P0
2026/07/08 22:19:02.654, 100 %, 64 %, 68433 MiB, 81920 MiB, 60, 412.28 W, 400.00 W, 1320 MHz, 1593 MHz, P0
2026/07/08 22:19:02.905, 100 %, 68 %, 68433 MiB, 81920 MiB, 60, 406.52 W, 400.00 W, 1320 MHz, 1593 MHz, P0
2026/07/08 22:19:03.155, 100 %, 66 %, 68433 MiB, 81920 MiB, 60, 371.48 W, 400.00 W, 1350 MHz, 1593 MHz, P0
2026/07/08 22:19:03.406, 100 %, 64 %, 68433 MiB, 81920 MiB, 60, 383.50 W, 400.00 W, 1335 MHz, 1593 MHz, P0
2026/07/08 22:19:03.656, 100 %, 67 %, 68433 MiB, 81920 MiB, 61, 417.13 W, 400.00 W, 1335 MHz, 1593 MHz, P0
2026/07/08 22:19:03.907, 100 %, 67 %, 68435 MiB, 81920 MiB, 60, 365.01 W, 400.00 W, 1335 MHz, 1593 MHz, P0
2026/07/08 22:19:04.157, 100 %, 64 %, 68435 MiB, 81920 MiB, 60, 341.42 W, 400.00 W, 1410 MHz, 1593 MHz, P0
2026/07/08 22:19:04.408, 100 %, 52 %, 68439 MiB, 81920 MiB, 60, 415.60 W, 400.00 W, 1380 MHz, 1593 MHz, P0
2026/07/08 22:19:04.658, 100 %, 73 %, 68439 MiB, 81920 MiB, 61, 416.80 W, 400.00 W, 1335 MHz, 1593 MHz, P0
2026/07/08 22:19:04.909, 100 %, 71 %, 68439 MiB, 81920 MiB, 60, 357.77 W, 400.00 W, 1350 MHz, 1593 MHz, P0
2026/07/08 22:19:05.160, 100 %, 70 %, 68439 MiB, 81920 MiB, 60, 409.84 W, 400.00 W, 1365 MHz, 1593 MHz, P0
2026/07/08 22:19:05.410, 100 %, 71 %, 68439 MiB, 81920 MiB, 61, 391.07 W, 400.00 W, 1350 MHz, 1593 MHz, P0
2026/07/08 22:19:05.661, 100 %, 68 %, 68439 MiB, 81920 MiB, 60, 391.39 W, 400.00 W, 1335 MHz, 1593 MHz, P0
2026/07/08 22:19:05.911, 100 %, 70 %, 68439 MiB, 81920 MiB, 61, 391.99 W, 400.00 W, 1380 MHz, 1593 MHz, P0
2026/07/08 22:19:06.161, 100 %, 73 %, 68439 MiB, 81920 MiB, 61, 409.24 W, 400.00 W, 1350 MHz, 1593 MHz, P0
2026/07/08 22:19:06.412, 100 %, 69 %, 68439 MiB, 81920 MiB, 60, 374.48 W, 400.00 W, 1350 MHz, 1593 MHz, P0
2026/07/08 22:19:06.662, 100 %, 68 %, 68439 MiB, 81920 MiB, 61, 426.81 W, 400.00 W, 1365 MHz, 1593 MHz, P0
2026/07/08 22:19:06.913, 100 %, 70 %, 68439 MiB, 81920 MiB, 61, 404.40 W, 400.00 W, 1365 MHz, 1593 MHz, P0
2026/07/08 22:19:07.163, 100 %, 73 %, 68439 MiB, 81920 MiB, 61, 405.32 W, 400.00 W, 1335 MHz, 1593 MHz, P0
2026/07/08 22:19:07.414, 100 %, 68 %, 68439 MiB, 81920 MiB, 60, 402.87 W, 400.00 W, 1350 MHz, 1593 MHz, P0
2026/07/08 22:19:07.664, 100 %, 69 %, 68439 MiB, 81920 MiB, 61, 403.47 W, 400.00 W, 1335 MHz, 1593 MHz, P0
2026/07/08 22:19:07.915, 100 %, 69 %, 68439 MiB, 81920 MiB, 61, 413.48 W, 400.00 W, 1350 MHz, 1593 MHz, P0
2026/07/08 22:19:08.165, 100 %, 68 %, 68439 MiB, 81920 MiB, 61, 396.83 W, 400.00 W, 1350 MHz, 1593 MHz, P0
2026/07/08 22:19:08.416, 100 %, 65 %, 68439 MiB, 81920 MiB, 61, 379.86 W, 400.00 W, 1335 MHz, 1593 MHz, P0
2026/07/08 22:19:08.666, 100 %, 65 %, 68439 MiB, 81920 MiB, 61, 404.40 W, 400.00 W, 1335 MHz, 1593 MHz, P0
2026/07/08 22:19:08.917, 100 %, 67 %, 68439 MiB, 81920 MiB, 61, 400.48 W, 400.00 W, 1335 MHz, 1593 MHz, P0
2026/07/08 22:19:09.167, 100 %, 65 %, 68439 MiB, 81920 MiB, 61, 392.27 W, 400.00 W, 1320 MHz, 1593 MHz, P0
2026/07/08 22:19:09.418, 100 %, 65 %, 68439 MiB, 81920 MiB, 61, 406.84 W, 400.00 W, 1335 MHz, 1593 MHz, P0
2026/07/08 22:19:09.668, 100 %, 68 %, 68439 MiB, 81920 MiB, 61, 394.38 W, 400.00 W, 1320 MHz, 1593 MHz, P0
2026/07/08 22:19:09.919, 100 %, 66 %, 68439 MiB, 81920 MiB, 61, 387.74 W, 400.00 W, 1335 MHz, 1593 MHz, P0
2026/07/08 22:19:10.169, 100 %, 66 %, 68439 MiB, 81920 MiB, 61, 398.63 W, 400.00 W, 1335 MHz, 1593 MHz, P0
2026/07/08 22:19:10.419, 100 %, 68 %, 68449 MiB, 81920 MiB, 61, 415.00 W, 400.00 W, 1350 MHz, 1593 MHz, P0
2026/07/08 22:19:10.670, 100 %, 59 %, 68449 MiB, 81920 MiB, 57, 199.10 W, 400.00 W, 1410 MHz, 1593 MHz, P0
2026/07/08 22:19:10.920, 100 %, 24 %, 68449 MiB, 81920 MiB, 59, 356.24 W, 400.00 W, 1410 MHz, 1593 MHz, P0
2026/07/08 22:19:11.171, 100 %, 76 %, 68449 MiB, 81920 MiB, 60, 395.64 W, 400.00 W, 1335 MHz, 1593 MHz, P0
2026/07/08 22:19:11.422, 100 %, 70 %, 68449 MiB, 81920 MiB, 61, 386.55 W, 400.00 W, 1365 MHz, 1593 MHz, P0
2026/07/08 22:19:11.673, 100 %, 69 %, 68449 MiB, 81920 MiB, 60, 382.58 W, 400.00 W, 1365 MHz, 1593 MHz, P0
2026/07/08 22:19:11.924, 100 %, 68 %, 68449 MiB, 81920 MiB, 60, 417.45 W, 400.00 W, 1350 MHz, 1593 MHz, P0
2026/07/08 22:19:12.174, 100 %, 72 %, 68449 MiB, 81920 MiB, 61, 388.15 W, 400.00 W, 1365 MHz, 1593 MHz, P0
2026/07/08 22:19:12.425, 100 %, 73 %, 68449 MiB, 81920 MiB, 61, 389.87 W, 400.00 W, 1335 MHz, 1593 MHz, P0
2026/07/08 22:19:12.675, 100 %, 68 %, 68449 MiB, 81920 MiB, 61, 380.85 W, 400.00 W, 1335 MHz, 1593 MHz, P0
2026/07/08 22:19:12.926, 100 %, 68 %, 68449 MiB, 81920 MiB, 61, 386.83 W, 400.00 W, 1320 MHz, 1593 MHz, P0
2026/07/08 22:19:13.176, 100 %, 72 %, 68449 MiB, 81920 MiB, 61, 420.77 W, 400.00 W, 1350 MHz, 1593 MHz, P0
2026/07/08 22:19:13.427, 100 %, 71 %, 68449 MiB, 81920 MiB, 61, 406.84 W, 400.00 W, 1350 MHz, 1593 MHz, P0
2026/07/08 22:19:13.681, 100 %, 71 %, 68449 MiB, 81920 MiB, 61, 410.76 W, 400.00 W, 1320 MHz, 1593 MHz, P0
2026/07/08 22:19:13.933, 100 %, 67 %, 68449 MiB, 81920 MiB, 61, 396.83 W, 400.00 W, 1350 MHz, 1593 MHz, P0
2026/07/08 22:19:14.187, 100 %, 70 %, 68449 MiB, 81920 MiB, 62, 430.46 W, 400.00 W, 1335 MHz, 1593 MHz, P0
2026/07/08 22:19:14.437, 100 %, 73 %, 68449 MiB, 81920 MiB, 61, 411.36 W, 400.00 W, 1350 MHz, 1593 MHz, P0
2026/07/08 22:19:14.688, 100 %, 69 %, 68449 MiB, 81920 MiB, 61, 385.90 W, 400.00 W, 1350 MHz, 1593 MHz, P0
2026/07/08 22:19:14.938, 100 %, 67 %, 68449 MiB, 81920 MiB, 61, 361.13 W, 400.00 W, 1320 MHz, 1593 MHz, P0
2026/07/08 22:19:15.189, 100 %, 68 %, 68449 MiB, 81920 MiB, 61, 404.72 W, 400.00 W, 1395 MHz, 1593 MHz, P0
2026/07/08 22:19:15.439, 100 %, 65 %, 68449 MiB, 81920 MiB, 61, 429.86 W, 400.00 W, 1335 MHz, 1593 MHz, P0
2026/07/08 22:19:15.689, 100 %, 65 %, 68449 MiB, 81920 MiB, 62, 415.00 W, 400.00 W, 1320 MHz, 1593 MHz, P0
2026/07/08 22:19:15.940, 100 %, 64 %, 68449 MiB, 81920 MiB, 61, 402.00 W, 400.00 W, 1320 MHz, 1593 MHz, P0
2026/07/08 22:19:16.190, 100 %, 65 %, 68449 MiB, 81920 MiB, 61, 396.24 W, 400.00 W, 1320 MHz, 1593 MHz, P0
2026/07/08 22:19:16.441, 100 %, 65 %, 68449 MiB, 81920 MiB, 61, 386.03 W, 400.00 W, 1320 MHz, 1593 MHz, P0
2026/07/08 22:19:16.691, 100 %, 65 %, 68449 MiB, 81920 MiB, 61, 392.92 W, 400.00 W, 1335 MHz, 1593 MHz, P0
2026/07/08 22:19:16.942, 100 %, 65 %, 68449 MiB, 81920 MiB, 62, 413.21 W, 400.00 W, 1335 MHz, 1593 MHz, P0
2026/07/08 22:19:17.192, 100 %, 68 %, 68449 MiB, 81920 MiB, 61, 418.32 W, 400.00 W, 1335 MHz, 1593 MHz, P0
2026/07/08 22:19:17.443, 100 %, 67 %, 68449 MiB, 81920 MiB, 62, 383.77 W, 400.00 W, 1395 MHz, 1593 MHz, P0
2026/07/08 22:19:17.693, 100 %, 51 %, 68453 MiB, 81920 MiB, 61, 326.28 W, 400.00 W, 1410 MHz, 1593 MHz, P0
2026/07/08 22:19:17.944, 100 %, 75 %, 68453 MiB, 81920 MiB, 61, 396.24 W, 400.00 W, 1350 MHz, 1593 MHz, P0
2026/07/08 22:19:18.194, 100 %, 70 %, 68453 MiB, 81920 MiB, 61, 409.24 W, 400.00 W, 1335 MHz, 1593 MHz, P0
2026/07/08 22:19:18.445, 100 %, 70 %, 68453 MiB, 81920 MiB, 62, 402.87 W, 400.00 W, 1335 MHz, 1593 MHz, P0
2026/07/08 22:19:18.697, 100 %, 70 %, 68453 MiB, 81920 MiB, 61, 393.52 W, 400.00 W, 1365 MHz, 1593 MHz, P0
2026/07/08 22:19:18.948, 100 %, 73 %, 68453 MiB, 81920 MiB, 61, 426.81 W, 400.00 W, 1320 MHz, 1593 MHz, P0
2026/07/08 22:19:19.199, 100 %, 68 %, 68453 MiB, 81920 MiB, 62, 411.96 W, 400.00 W, 1320 MHz, 1593 MHz, P0
2026/07/08 22:19:19.449, 100 %, 69 %, 68453 MiB, 81920 MiB, 62, 396.51 W, 400.00 W, 1350 MHz, 1593 MHz, P0
2026/07/08 22:19:19.700, 100 %, 70 %, 68453 MiB, 81920 MiB, 62, 390.46 W, 400.00 W, 1365 MHz, 1593 MHz, P0
2026/07/08 22:19:19.950, 100 %, 74 %, 68453 MiB, 81920 MiB, 62, 404.99 W, 400.00 W, 1350 MHz, 1593 MHz, P0
2026/07/08 22:19:20.200, 100 %, 74 %, 68453 MiB, 81920 MiB, 62, 416.53 W, 400.00 W, 1320 MHz, 1593 MHz, P0
2026/07/08 22:19:20.451, 100 %, 68 %, 68453 MiB, 81920 MiB, 62, 392.92 W, 400.00 W, 1335 MHz, 1593 MHz, P0
2026/07/08 22:19:20.701, 100 %, 68 %, 68453 MiB, 81920 MiB, 62, 394.99 W, 400.00 W, 1365 MHz, 1593 MHz, P0
2026/07/08 22:19:20.952, 100 %, 69 %, 68453 MiB, 81920 MiB, 62, 407.71 W, 400.00 W, 1335 MHz, 1593 MHz, P0
2026/07/08 22:19:21.202, 100 %, 72 %, 68453 MiB, 81920 MiB, 62, 410.43 W, 400.00 W, 1350 MHz, 1593 MHz, P0
2026/07/08 22:19:21.453, 100 %, 68 %, 68453 MiB, 81920 MiB, 62, 385.70 W, 400.00 W, 1365 MHz, 1593 MHz, P0
2026/07/08 22:19:21.703, 100 %, 69 %, 68453 MiB, 81920 MiB, 62, 405.92 W, 400.00 W, 1335 MHz, 1593 MHz, P0
2026/07/08 22:19:21.954, 100 %, 67 %, 68453 MiB, 81920 MiB, 62, 387.55 W, 400.00 W, 1320 MHz, 1593 MHz, P0
2026/07/08 22:19:22.204, 100 %, 63 %, 68463 MiB, 81920 MiB, 62, 409.24 W, 400.00 W, 1335 MHz, 1593 MHz, P0
2026/07/08 22:19:22.455, 100 %, 65 %, 68463 MiB, 81920 MiB, 62, 404.72 W, 400.00 W, 1335 MHz, 1593 MHz, P0
2026/07/08 22:19:22.705, 100 %, 64 %, 68463 MiB, 81920 MiB, 62, 385.90 W, 400.00 W, 1335 MHz, 1593 MHz, P0
2026/07/08 22:19:22.956, 100 %, 64 %, 68463 MiB, 81920 MiB, 62, 410.76 W, 400.00 W, 1335 MHz, 1593 MHz, P0
2026/07/08 22:19:23.206, 100 %, 66 %, 68463 MiB, 81920 MiB, 62, 398.63 W, 400.00 W, 1320 MHz, 1593 MHz, P0
2026/07/08 22:19:23.457, 100 %, 65 %, 68463 MiB, 81920 MiB, 62, 422.30 W, 400.00 W, 1320 MHz, 1593 MHz, P0
2026/07/08 22:19:23.708, 100 %, 66 %, 68463 MiB, 81920 MiB, 62, 403.80 W, 400.00 W, 1320 MHz, 1593 MHz, P0
2026/07/08 22:19:23.958, 100 %, 67 %, 68463 MiB, 81920 MiB, 62, 389.07 W, 400.00 W, 1320 MHz, 1593 MHz, P0
2026/07/08 22:19:24.209, 100 %, 66 %, 68463 MiB, 81920 MiB, 62, 381.45 W, 400.00 W, 1365 MHz, 1593 MHz, P0
2026/07/08 22:19:24.459, 100 %, 62 %, 68471 MiB, 81920 MiB, 58, 212.19 W, 400.00 W, 1410 MHz, 1593 MHz, P0
2026/07/08 22:19:24.711, 100 %, 23 %, 68471 MiB, 81920 MiB, 60, 321.11 W, 400.00 W, 1410 MHz, 1593 MHz, P0
2026/07/08 22:19:24.961, 100 %, 77 %, 68471 MiB, 81920 MiB, 61, 409.56 W, 400.00 W, 1350 MHz, 1593 MHz, P0
2026/07/08 22:19:25.212, 100 %, 72 %, 68471 MiB, 81920 MiB, 61, 397.10 W, 400.00 W, 1335 MHz, 1593 MHz, P0
2026/07/08 22:19:25.463, 100 %, 69 %, 68471 MiB, 81920 MiB, 62, 416.20 W, 400.00 W, 1350 MHz, 1593 MHz, P0
2026/07/08 22:19:25.713, 100 %, 66 %, 68471 MiB, 81920 MiB, 62, 415.60 W, 400.00 W, 1365 MHz, 1593 MHz, P0
2026/07/08 22:19:25.964, 100 %, 71 %, 68471 MiB, 81920 MiB, 62, 410.16 W, 400.00 W, 1350 MHz, 1593 MHz, P0
2026/07/08 22:19:26.214, 100 %, 72 %, 68471 MiB, 81920 MiB, 62, 399.88 W, 400.00 W, 1335 MHz, 1593 MHz, P0
2026/07/08 22:19:26.465, 100 %, 70 %, 68471 MiB, 81920 MiB, 62, 397.10 W, 400.00 W, 1335 MHz, 1593 MHz, P0
2026/07/08 22:19:26.715, 100 %, 69 %, 68471 MiB, 81920 MiB, 62, 351.17 W, 400.00 W, 1350 MHz, 1593 MHz, P0
2026/07/08 22:19:26.966, 100 %, 70 %, 68471 MiB, 81920 MiB, 61, 403.29 W, 400.00 W, 1380 MHz, 1593 MHz, P0
2026/07/08 22:19:27.216, 100 %, 73 %, 68471 MiB, 81920 MiB, 62, 407.44 W, 400.00 W, 1335 MHz, 1593 MHz, P0
2026/07/08 22:19:27.467, 100 %, 69 %, 68471 MiB, 81920 MiB, 62, 415.60 W, 400.00 W, 1320 MHz, 1593 MHz, P0
2026/07/08 22:19:27.717, 100 %, 71 %, 68471 MiB, 81920 MiB, 62, 389.27 W, 400.00 W, 1350 MHz, 1593 MHz, P0
2026/07/08 22:19:27.968, 100 %, 68 %, 68471 MiB, 81920 MiB, 62, 393.18 W, 400.00 W, 1380 MHz, 1593 MHz, P0
2026/07/08 22:19:28.219, 100 %, 74 %, 68471 MiB, 81920 MiB, 62, 375.40 W, 400.00 W, 1350 MHz, 1593 MHz, P0
2026/07/08 22:19:28.470, 100 %, 70 %, 68471 MiB, 81920 MiB, 62, 412.88 W, 400.00 W, 1335 MHz, 1593 MHz, P0
2026/07/08 22:19:28.720, 100 %, 70 %, 68471 MiB, 81920 MiB, 63, 394.20 W, 400.00 W, 1305 MHz, 1593 MHz, P0
2026/07/08 22:19:28.970, 100 %, 66 %, 68471 MiB, 81920 MiB, 62, 368.11 W, 400.00 W, 1350 MHz, 1593 MHz, P0
2026/07/08 22:19:29.221, 100 %, 66 %, 68471 MiB, 81920 MiB, 62, 393.18 W, 400.00 W, 1335 MHz, 1593 MHz, P0
2026/07/08 22:19:29.471, 100 %, 65 %, 68471 MiB, 81920 MiB, 62, 414.08 W, 400.00 W, 1335 MHz, 1593 MHz, P0
2026/07/08 22:19:29.722, 100 %, 64 %, 68471 MiB, 81920 MiB, 62, 412.56 W, 400.00 W, 1305 MHz, 1593 MHz, P0
2026/07/08 22:19:29.972, 100 %, 65 %, 68471 MiB, 81920 MiB, 62, 389.87 W, 400.00 W, 1320 MHz, 1593 MHz, P0
2026/07/08 22:19:30.223, 100 %, 64 %, 68471 MiB, 81920 MiB, 62, 403.80 W, 400.00 W, 1320 MHz, 1593 MHz, P0
2026/07/08 22:19:30.473, 100 %, 64 %, 68471 MiB, 81920 MiB, 62, 404.40 W, 400.00 W, 1290 MHz, 1593 MHz, P0
2026/07/08 22:19:30.724, 100 %, 65 %, 68471 MiB, 81920 MiB, 62, 413.48 W, 400.00 W, 1320 MHz, 1593 MHz, P0
2026/07/08 22:19:30.974, 100 %, 65 %, 68471 MiB, 81920 MiB, 62, 399.23 W, 400.00 W, 1320 MHz, 1593 MHz, P0
2026/07/08 22:19:31.225, 100 %, 66 %, 68471 MiB, 81920 MiB, 61, 325.68 W, 400.00 W, 1395 MHz, 1593 MHz, P0
2026/07/08 22:19:31.475, 97 %, 32 %, 68471 MiB, 81920 MiB, 59, 275.96 W, 400.00 W, 1410 MHz, 1593 MHz, P0
2026/07/08 22:19:31.726, 100 %, 35 %, 68471 MiB, 81920 MiB, 61, 389.27 W, 400.00 W, 1380 MHz, 1593 MHz, P0
2026/07/08 22:19:31.977, 100 %, 71 %, 68471 MiB, 81920 MiB, 62, 398.96 W, 400.00 W, 1350 MHz, 1593 MHz, P0
2026/07/08 22:19:32.229, 100 %, 72 %, 68471 MiB, 81920 MiB, 62, 408.64 W, 400.00 W, 1335 MHz, 1593 MHz, P0
2026/07/08 22:19:32.480, 100 %, 67 %, 68471 MiB, 81920 MiB, 62, 385.90 W, 400.00 W, 1305 MHz, 1593 MHz, P0
2026/07/08 22:19:32.731, 100 %, 68 %, 68471 MiB, 81920 MiB, 62, 409.56 W, 400.00 W, 1395 MHz, 1593 MHz, P0
2026/07/08 22:19:32.981, 100 %, 72 %, 68471 MiB, 81920 MiB, 62, 401.17 W, 400.00 W, 1320 MHz, 1593 MHz, P0
2026/07/08 22:19:33.232, 100 %, 69 %, 68471 MiB, 81920 MiB, 62, 400.75 W, 400.00 W, 1365 MHz, 1593 MHz, P0
2026/07/08 22:19:33.482, 100 %, 72 %, 68471 MiB, 81920 MiB, 62, 372.68 W, 400.00 W, 1350 MHz, 1593 MHz, P0
2026/07/08 22:19:33.733, 100 %, 66 %, 68471 MiB, 81920 MiB, 62, 379.65 W, 400.00 W, 1395 MHz, 1593 MHz, P0
2026/07/08 22:19:33.986, 100 %, 75 %, 68471 MiB, 81920 MiB, 62, 414.41 W, 400.00 W, 1335 MHz, 1593 MHz, P0
2026/07/08 22:19:34.236, 100 %, 70 %, 68471 MiB, 81920 MiB, 62, 386.95 W, 400.00 W, 1350 MHz, 1593 MHz, P0
2026/07/08 22:19:34.487, 100 %, 68 %, 68471 MiB, 81920 MiB, 62, 408.31 W, 400.00 W, 1335 MHz, 1593 MHz, P0
2026/07/08 22:19:34.737, 100 %, 72 %, 68471 MiB, 81920 MiB, 62, 422.89 W, 400.00 W, 1350 MHz, 1593 MHz, P0
2026/07/08 22:19:34.988, 100 %, 70 %, 68471 MiB, 81920 MiB, 62, 392.67 W, 400.00 W, 1380 MHz, 1593 MHz, P0
2026/07/08 22:19:35.239, 100 %, 75 %, 68471 MiB, 81920 MiB, 62, 400.56 W, 400.00 W, 1350 MHz, 1593 MHz, P0
2026/07/08 22:19:35.490, 100 %, 68 %, 68471 MiB, 81920 MiB, 62, 399.55 W, 400.00 W, 1365 MHz, 1593 MHz, P0
2026/07/08 22:19:35.741, 100 %, 68 %, 68471 MiB, 81920 MiB, 62, 408.04 W, 400.00 W, 1335 MHz, 1593 MHz, P0
2026/07/08 22:19:35.991, 100 %, 66 %, 68471 MiB, 81920 MiB, 62, 356.29 W, 400.00 W, 1365 MHz, 1593 MHz, P0
2026/07/08 22:19:36.241, 100 %, 66 %, 68471 MiB, 81920 MiB, 62, 385.42 W, 400.00 W, 1320 MHz, 1593 MHz, P0
2026/07/08 22:19:36.492, 100 %, 65 %, 68471 MiB, 81920 MiB, 62, 409.56 W, 400.00 W, 1320 MHz, 1593 MHz, P0
2026/07/08 22:19:36.742, 100 %, 62 %, 68471 MiB, 81920 MiB, 62, 384.17 W, 400.00 W, 1335 MHz, 1593 MHz, P0
2026/07/08 22:19:36.993, 100 %, 64 %, 68471 MiB, 81920 MiB, 62, 409.56 W, 400.00 W, 1320 MHz, 1593 MHz, P0
2026/07/08 22:19:37.243, 100 %, 65 %, 68471 MiB, 81920 MiB, 62, 383.90 W, 400.00 W, 1320 MHz, 1593 MHz, P0
2026/07/08 22:19:37.494, 100 %, 63 %, 68471 MiB, 81920 MiB, 62, 398.63 W, 400.00 W, 1320 MHz, 1593 MHz, P0
2026/07/08 22:19:37.744, 100 %, 65 %, 68471 MiB, 81920 MiB, 62, 409.24 W, 400.00 W, 1305 MHz, 1593 MHz, P0
2026/07/08 22:19:37.995, 100 %, 64 %, 68471 MiB, 81920 MiB, 62, 382.98 W, 400.00 W, 1320 MHz, 1593 MHz, P0
2026/07/08 22:19:38.246, 100 %, 63 %, 68471 MiB, 81920 MiB, 62, 409.24 W, 400.00 W, 1320 MHz, 1593 MHz, P0
2026/07/08 22:19:38.496, 100 %, 66 %, 68471 MiB, 81920 MiB, 62, 417.45 W, 400.00 W, 1320 MHz, 1593 MHz, P0
2026/07/08 22:19:38.746, 100 %, 33 %, 68471 MiB, 81920 MiB, 60, 244.95 W, 400.00 W, 1410 MHz, 1593 MHz, P0
2026/07/08 22:19:38.997, 100 %, 45 %, 68471 MiB, 81920 MiB, 60, 351.77 W, 400.00 W, 1410 MHz, 1593 MHz, P0
2026/07/08 22:19:39.248, 100 %, 73 %, 68471 MiB, 81920 MiB, 61, 386.55 W, 400.00 W, 1365 MHz, 1593 MHz, P0
2026/07/08 22:19:39.499, 100 %, 73 %, 68471 MiB, 81920 MiB, 62, 413.21 W, 400.00 W, 1350 MHz, 1593 MHz, P0
2026/07/08 22:19:39.750, 100 %, 70 %, 68471 MiB, 81920 MiB, 62, 414.41 W, 400.00 W, 1365 MHz, 1593 MHz, P0
2026/07/08 22:19:40.001, 100 %, 71 %, 68471 MiB, 81920 MiB, 62, 399.88 W, 400.00 W, 1365 MHz, 1593 MHz, P0
2026/07/08 22:19:40.251, 100 %, 71 %, 68471 MiB, 81920 MiB, 62, 389.95 W, 400.00 W, 1365 MHz, 1593 MHz, P0
2026/07/08 22:19:40.502, 100 %, 67 %, 68471 MiB, 81920 MiB, 62, 420.44 W, 400.00 W, 1335 MHz, 1593 MHz, P0
2026/07/08 22:19:40.753, 100 %, 70 %, 68471 MiB, 81920 MiB, 62, 383.30 W, 400.00 W, 1365 MHz, 1593 MHz, P0
2026/07/08 22:19:41.003, 100 %, 70 %, 68471 MiB, 81920 MiB, 62, 390.27 W, 400.00 W, 1350 MHz, 1593 MHz, P0
2026/07/08 22:19:41.254, 100 %, 72 %, 68491 MiB, 81920 MiB, 62, 387.82 W, 400.00 W, 1365 MHz, 1593 MHz, P0
2026/07/08 22:19:41.504, 100 %, 67 %, 68491 MiB, 81920 MiB, 62, 404.72 W, 400.00 W, 1335 MHz, 1593 MHz, P0
2026/07/08 22:19:41.755, 100 %, 70 %, 68491 MiB, 81920 MiB, 62, 355.69 W, 400.00 W, 1365 MHz, 1593 MHz, P0
2026/07/08 22:19:42.006, 100 %, 69 %, 68491 MiB, 81920 MiB, 62, 402.69 W, 400.00 W, 1350 MHz, 1593 MHz, P0
2026/07/08 22:19:42.256, 100 %, 72 %, 68491 MiB, 81920 MiB, 62, 398.63 W, 400.00 W, 1335 MHz, 1593 MHz, P0
2026/07/08 22:19:42.507, 100 %, 68 %, 68491 MiB, 81920 MiB, 62, 415.93 W, 400.00 W, 1350 MHz, 1593 MHz, P0
2026/07/08 22:19:42.757, 100 %, 71 %, 68491 MiB, 81920 MiB, 62, 352.96 W, 400.00 W, 1380 MHz, 1593 MHz, P0
2026/07/08 22:19:43.007, 100 %, 66 %, 68491 MiB, 81920 MiB, 62, 401.35 W, 400.00 W, 1335 MHz, 1593 MHz, P0
2026/07/08 22:19:43.258, 100 %, 67 %, 68493 MiB, 81920 MiB, 62, 403.47 W, 400.00 W, 1350 MHz, 1593 MHz, P0
2026/07/08 22:19:43.508, 100 %, 66 %, 68493 MiB, 81920 MiB, 62, 387.23 W, 400.00 W, 1320 MHz, 1593 MHz, P0
2026/07/08 22:19:43.759, 100 %, 64 %, 68493 MiB, 81920 MiB, 62, 402.09 W, 400.00 W, 1320 MHz, 1593 MHz, P0
2026/07/08 22:19:44.009, 100 %, 65 %, 68493 MiB, 81920 MiB, 62, 401.35 W, 400.00 W, 1335 MHz, 1593 MHz, P0
2026/07/08 22:19:44.260, 100 %, 68 %, 68493 MiB, 81920 MiB, 62, 389.95 W, 400.00 W, 1305 MHz, 1593 MHz, P0
2026/07/08 22:19:44.510, 100 %, 63 %, 68493 MiB, 81920 MiB, 62, 395.39 W, 400.00 W, 1320 MHz, 1593 MHz, P0
2026/07/08 22:19:44.761, 100 %, 66 %, 68493 MiB, 81920 MiB, 62, 415.00 W, 400.00 W, 1320 MHz, 1593 MHz, P0
2026/07/08 22:19:45.011, 100 %, 65 %, 68493 MiB, 81920 MiB, 62, 404.40 W, 400.00 W, 1320 MHz, 1593 MHz, P0
2026/07/08 22:19:45.262, 100 %, 66 %, 68493 MiB, 81920 MiB, 62, 369.03 W, 400.00 W, 1320 MHz, 1593 MHz, P0
2026/07/08 22:19:45.512, 100 %, 67 %, 68493 MiB, 81920 MiB, 62, 379.65 W, 400.00 W, 1395 MHz, 1593 MHz, P0
2026/07/08 22:19:45.762, 100 %, 46 %, 68493 MiB, 81920 MiB, 61, 324.49 W, 400.00 W, 1410 MHz, 1593 MHz, P0
2026/07/08 22:19:46.013, 100 %, 60 %, 68493 MiB, 81920 MiB, 62, 404.72 W, 400.00 W, 1395 MHz, 1593 MHz, P0
2026/07/08 22:19:46.263, 100 %, 75 %, 68493 MiB, 81920 MiB, 62, 391.39 W, 400.00 W, 1365 MHz, 1593 MHz, P0
2026/07/08 22:19:46.514, 100 %, 71 %, 68493 MiB, 81920 MiB, 62, 392.67 W, 400.00 W, 1350 MHz, 1593 MHz, P0
2026/07/08 22:19:46.764, 100 %, 69 %, 68493 MiB, 81920 MiB, 62, 363.58 W, 400.00 W, 1365 MHz, 1593 MHz, P0
2026/07/08 22:19:47.015, 100 %, 73 %, 68493 MiB, 81920 MiB, 62, 408.04 W, 400.00 W, 1365 MHz, 1593 MHz, P0
2026/07/08 22:19:47.266, 100 %, 70 %, 68493 MiB, 81920 MiB, 62, 399.97 W, 400.00 W, 1335 MHz, 1593 MHz, P0
2026/07/08 22:19:47.516, 100 %, 70 %, 68493 MiB, 81920 MiB, 62, 360.27 W, 400.00 W, 1335 MHz, 1593 MHz, P0
2026/07/08 22:19:47.767, 100 %, 70 %, 68493 MiB, 81920 MiB, 62, 396.83 W, 400.00 W, 1335 MHz, 1593 MHz, P0
2026/07/08 22:19:48.017, 100 %, 73 %, 68493 MiB, 81920 MiB, 62, 392.39 W, 400.00 W, 1335 MHz, 1593 MHz, P0
2026/07/08 22:19:48.268, 100 %, 68 %, 68493 MiB, 81920 MiB, 62, 415.60 W, 400.00 W, 1350 MHz, 1593 MHz, P0
2026/07/08 22:19:48.518, 100 %, 68 %, 68493 MiB, 81920 MiB, 62, 400.15 W, 400.00 W, 1335 MHz, 1593 MHz, P0
2026/07/08 22:19:48.769, 100 %, 72 %, 68493 MiB, 81920 MiB, 62, 392.67 W, 400.00 W, 1335 MHz, 1593 MHz, P0
2026/07/08 22:19:49.019, 100 %, 70 %, 68493 MiB, 81920 MiB, 62, 400.56 W, 400.00 W, 1350 MHz, 1593 MHz, P0
2026/07/08 22:19:49.270, 100 %, 70 %, 68493 MiB, 81920 MiB, 62, 421.37 W, 400.00 W, 1365 MHz, 1593 MHz, P0
2026/07/08 22:19:49.520, 100 %, 68 %, 68493 MiB, 81920 MiB, 61, 388.42 W, 400.00 W, 1380 MHz, 1593 MHz, P0
2026/07/08 22:19:49.771, 100 %, 66 %, 68505 MiB, 81920 MiB, 62, 391.80 W, 400.00 W, 1320 MHz, 1593 MHz, P0
2026/07/08 22:19:50.021, 100 %, 67 %, 68505 MiB, 81920 MiB, 62, 394.79 W, 400.00 W, 1320 MHz, 1593 MHz, P0
2026/07/08 22:19:50.272, 100 %, 65 %, 68505 MiB, 81920 MiB, 62, 393.79 W, 400.00 W, 1335 MHz, 1593 MHz, P0
2026/07/08 22:19:50.523, 100 %, 67 %, 68505 MiB, 81920 MiB, 62, 391.20 W, 400.00 W, 1335 MHz, 1593 MHz, P0
2026/07/08 22:19:50.773, 100 %, 65 %, 68505 MiB, 81920 MiB, 62, 393.92 W, 400.00 W, 1320 MHz, 1593 MHz, P0
2026/07/08 22:19:51.024, 100 %, 65 %, 68505 MiB, 81920 MiB, 62, 404.99 W, 400.00 W, 1320 MHz, 1593 MHz, P0
2026/07/08 22:19:51.274, 100 %, 67 %, 68505 MiB, 81920 MiB, 62, 383.30 W, 400.00 W, 1320 MHz, 1593 MHz, P0
2026/07/08 22:19:51.525, 100 %, 65 %, 68505 MiB, 81920 MiB, 62, 399.37 W, 400.00 W, 1350 MHz, 1593 MHz, P0
2026/07/08 22:19:51.775, 100 %, 66 %, 68505 MiB, 81920 MiB, 62, 406.25 W, 400.00 W, 1365 MHz, 1593 MHz, P0
2026/07/08 22:19:52.026, 100 %, 70 %, 68505 MiB, 81920 MiB, 62, 397.43 W, 400.00 W, 1350 MHz, 1593 MHz, P0
2026/07/08 22:19:52.276, 100 %, 65 %, 68505 MiB, 81920 MiB, 61, 389.55 W, 400.00 W, 1410 MHz, 1593 MHz, P0
2026/07/08 22:19:52.527, 100 %, 53 %, 68505 MiB, 81920 MiB, 62, 406.52 W, 400.00 W, 1395 MHz, 1593 MHz, P0
2026/07/08 22:19:52.777, 100 %, 73 %, 68505 MiB, 81920 MiB, 62, 400.48 W, 400.00 W, 1335 MHz, 1593 MHz, P0
2026/07/08 22:19:53.028, 100 %, 70 %, 68505 MiB, 81920 MiB, 61, 379.65 W, 400.00 W, 1350 MHz, 1593 MHz, P0
2026/07/08 22:19:53.278, 100 %, 66 %, 68505 MiB, 81920 MiB, 62, 407.44 W, 400.00 W, 1350 MHz, 1593 MHz, P0
2026/07/08 22:19:53.529, 100 %, 71 %, 68505 MiB, 81920 MiB, 62, 399.55 W, 400.00 W, 1320 MHz, 1593 MHz, P0
2026/07/08 22:19:53.779, 100 %, 69 %, 68505 MiB, 81920 MiB, 62, 394.52 W, 400.00 W, 1350 MHz, 1593 MHz, P0
2026/07/08 22:19:54.030, 100 %, 71 %, 68505 MiB, 81920 MiB, 62, 425.02 W, 400.00 W, 1320 MHz, 1593 MHz, P0
2026/07/08 22:19:54.280, 100 %, 66 %, 68505 MiB, 81920 MiB, 61, 385.10 W, 400.00 W, 1365 MHz, 1593 MHz, P0
2026/07/08 22:19:54.531, 100 %, 72 %, 68505 MiB, 81920 MiB, 62, 392.07 W, 400.00 W, 1335 MHz, 1593 MHz, P0
2026/07/08 22:19:54.781, 100 %, 71 %, 68505 MiB, 81920 MiB, 62, 392.67 W, 400.00 W, 1350 MHz, 1593 MHz, P0
2026/07/08 22:19:55.032, 100 %, 69 %, 68505 MiB, 81920 MiB, 62, 372.36 W, 400.00 W, 1320 MHz, 1593 MHz, P0
2026/07/08 22:19:55.282, 100 %, 66 %, 68505 MiB, 81920 MiB, 62, 385.70 W, 400.00 W, 1350 MHz, 1593 MHz, P0
2026/07/08 22:19:55.533, 100 %, 72 %, 68505 MiB, 81920 MiB, 61, 387.82 W, 400.00 W, 1350 MHz, 1593 MHz, P0
2026/07/08 22:19:55.783, 100 %, 70 %, 68505 MiB, 81920 MiB, 62, 414.41 W, 400.00 W, 1365 MHz, 1593 MHz, P0
2026/07/08 22:19:56.034, 100 %, 66 %, 68505 MiB, 81920 MiB, 62, 408.64 W, 400.00 W, 1335 MHz, 1593 MHz, P0
2026/07/08 22:19:56.284, 100 %, 68 %, 68505 MiB, 81920 MiB, 62, 372.09 W, 400.00 W, 1305 MHz, 1593 MHz, P0
2026/07/08 22:19:56.535, 100 %, 63 %, 68505 MiB, 81920 MiB, 62, 393.00 W, 400.00 W, 1350 MHz, 1593 MHz, P0
2026/07/08 22:19:56.785, 100 %, 67 %, 68505 MiB, 81920 MiB, 62, 398.63 W, 400.00 W, 1335 MHz, 1593 MHz, P0
2026/07/08 22:19:57.036, 100 %, 64 %, 68505 MiB, 81920 MiB, 62, 396.51 W, 400.00 W, 1320 MHz, 1593 MHz, P0
2026/07/08 22:19:57.287, 100 %, 64 %, 68505 MiB, 81920 MiB, 62, 381.78 W, 400.00 W, 1350 MHz, 1593 MHz, P0
2026/07/08 22:19:57.538, 100 %, 66 %, 68505 MiB, 81920 MiB, 62, 404.72 W, 400.00 W, 1320 MHz, 1593 MHz, P0
2026/07/08 22:19:57.789, 100 %, 66 %, 68505 MiB, 81920 MiB, 62, 383.30 W, 400.00 W, 1320 MHz, 1593 MHz, P0
2026/07/08 22:19:58.040, 100 %, 64 %, 68505 MiB, 81920 MiB, 62, 401.49 W, 400.00 W, 1395 MHz, 1593 MHz, P0
2026/07/08 22:19:58.290, 100 %, 63 %, 68505 MiB, 81920 MiB, 61, 310.82 W, 400.00 W, 1410 MHz, 1593 MHz, P0
2026/07/08 22:19:58.541, 100 %, 40 %, 68505 MiB, 81920 MiB, 61, 350.24 W, 400.00 W, 1395 MHz, 1593 MHz, P0
2026/07/08 22:19:58.793, 100 %, 73 %, 68505 MiB, 81920 MiB, 62, 404.99 W, 400.00 W, 1350 MHz, 1593 MHz, P0
2026/07/08 22:19:59.044, 100 %, 71 %, 68505 MiB, 81920 MiB, 62, 410.43 W, 400.00 W, 1335 MHz, 1593 MHz, P0
2026/07/08 22:19:59.294, 100 %, 69 %, 68505 MiB, 81920 MiB, 62, 394.38 W, 400.00 W, 1380 MHz, 1593 MHz, P0
2026/07/08 22:19:59.545, 100 %, 72 %, 68505 MiB, 81920 MiB, 61, 404.12 W, 400.00 W, 1365 MHz, 1593 MHz, P0
2026/07/08 22:19:59.795, 100 %, 69 %, 68505 MiB, 81920 MiB, 62, 398.44 W, 400.00 W, 1335 MHz, 1593 MHz, P0
2026/07/08 22:20:00.046, 100 %, 69 %, 68505 MiB, 81920 MiB, 62, 384.17 W, 400.00 W, 1350 MHz, 1593 MHz, P0
2026/07/08 22:20:00.296, 100 %, 68 %, 68505 MiB, 81920 MiB, 62, 425.88 W, 400.00 W, 1350 MHz, 1593 MHz, P0
2026/07/08 22:20:00.547, 100 %, 71 %, 68505 MiB, 81920 MiB, 61, 396.51 W, 400.00 W, 1335 MHz, 1593 MHz, P0
2026/07/08 22:20:00.798, 100 %, 72 %, 68505 MiB, 81920 MiB, 62, 401.76 W, 400.00 W, 1335 MHz, 1593 MHz, P0
2026/07/08 22:20:01.048, 100 %, 70 %, 68505 MiB, 81920 MiB, 62, 385.10 W, 400.00 W, 1335 MHz, 1593 MHz, P0
2026/07/08 22:20:01.299, 100 %, 67 %, 68505 MiB, 81920 MiB, 62, 399.04 W, 400.00 W, 1350 MHz, 1593 MHz, P0
2026/07/08 22:20:01.549, 100 %, 71 %, 68505 MiB, 81920 MiB, 62, 395.39 W, 400.00 W, 1365 MHz, 1593 MHz, P0
2026/07/08 22:20:01.800, 100 %, 69 %, 68505 MiB, 81920 MiB, 62, 396.32 W, 400.00 W, 1350 MHz, 1593 MHz, P0
2026/07/08 22:20:02.050, 100 %, 71 %, 68505 MiB, 81920 MiB, 62, 378.45 W, 400.00 W, 1320 MHz, 1593 MHz, P0
2026/07/08 22:20:02.301, 100 %, 67 %, 68505 MiB, 81920 MiB, 62, 408.04 W, 400.00 W, 1290 MHz, 1593 MHz, P0
2026/07/08 22:20:02.551, 100 %, 66 %, 68505 MiB, 81920 MiB, 62, 440.14 W, 400.00 W, 1350 MHz, 1593 MHz, P0
2026/07/08 22:20:02.802, 100 %, 70 %, 68505 MiB, 81920 MiB, 62, 406.01 W, 400.00 W, 1335 MHz, 1593 MHz, P0
2026/07/08 22:20:03.052, 100 %, 65 %, 68505 MiB, 81920 MiB, 62, 395.39 W, 400.00 W, 1335 MHz, 1593 MHz, P0
2026/07/08 22:20:03.303, 100 %, 68 %, 68505 MiB, 81920 MiB, 61, 365.39 W, 400.00 W, 1350 MHz, 1593 MHz, P0
2026/07/08 22:20:03.553, 100 %, 66 %, 68505 MiB, 81920 MiB, 62, 384.17 W, 400.00 W, 1320 MHz, 1593 MHz, P0
2026/07/08 22:20:03.804, 100 %, 64 %, 68505 MiB, 81920 MiB, 62, 406.67 W, 400.00 W, 1320 MHz, 1593 MHz, P0
2026/07/08 22:20:04.054, 100 %, 65 %, 68505 MiB, 81920 MiB, 62, 393.00 W, 400.00 W, 1320 MHz, 1593 MHz, P0
2026/07/08 22:20:04.305, 100 %, 65 %, 68505 MiB, 81920 MiB, 62, 390.87 W, 400.00 W, 1320 MHz, 1593 MHz, P0
2026/07/08 22:20:04.555, 100 %, 64 %, 68505 MiB, 81920 MiB, 62, 401.76 W, 400.00 W, 1320 MHz, 1593 MHz, P0
2026/07/08 22:20:04.807, 100 %, 64 %, 68505 MiB, 81920 MiB, 62, 386.03 W, 400.00 W, 1320 MHz, 1593 MHz, P0
2026/07/08 22:20:05.058, 100 %, 66 %, 68505 MiB, 81920 MiB, 62, 402.09 W, 400.00 W, 1335 MHz, 1593 MHz, P0
2026/07/08 22:20:05.308, 100 %, 65 %, 68505 MiB, 81920 MiB, 62, 401.49 W, 400.00 W, 1320 MHz, 1593 MHz, P0
2026/07/08 22:20:05.559, 100 %, 65 %, 68505 MiB, 81920 MiB, 60, 222.49 W, 400.00 W, 1410 MHz, 1593 MHz, P0
2026/07/08 22:20:05.809, 100 %, 31 %, 68509 MiB, 81920 MiB, 60, 362.39 W, 400.00 W, 1410 MHz, 1593 MHz, P0
2026/07/08 22:20:06.060, 100 %, 58 %, 68509 MiB, 81920 MiB, 62, 413.48 W, 400.00 W, 1350 MHz, 1593 MHz, P0
2026/07/08 22:20:06.311, 100 %, 74 %, 68509 MiB, 81920 MiB, 62, 412.88 W, 400.00 W, 1350 MHz, 1593 MHz, P0
2026/07/08 22:20:06.561, 100 %, 67 %, 68509 MiB, 81920 MiB, 61, 387.55 W, 400.00 W, 1350 MHz, 1593 MHz, P0
2026/07/08 22:20:06.812, 100 %, 73 %, 68509 MiB, 81920 MiB, 61, 377.20 W, 400.00 W, 1335 MHz, 1593 MHz, P0
2026/07/08 22:20:07.063, 100 %, 68 %, 68509 MiB, 81920 MiB, 62, 391.80 W, 400.00 W, 1380 MHz, 1593 MHz, P0
2026/07/08 22:20:07.313, 100 %, 69 %, 68509 MiB, 81920 MiB, 62, 421.97 W, 400.00 W, 1365 MHz, 1593 MHz, P0
2026/07/08 22:20:07.564, 100 %, 67 %, 68509 MiB, 81920 MiB, 62, 382.05 W, 400.00 W, 1365 MHz, 1593 MHz, P0
2026/07/08 22:20:07.815, 100 %, 70 %, 68509 MiB, 81920 MiB, 61, 386.03 W, 400.00 W, 1365 MHz, 1593 MHz, P0
2026/07/08 22:20:08.065, 100 %, 72 %, 68509 MiB, 81920 MiB, 62, 431.98 W, 400.00 W, 1350 MHz, 1593 MHz, P0
2026/07/08 22:20:08.317, 100 %, 67 %, 68509 MiB, 81920 MiB, 61, 397.51 W, 400.00 W, 1365 MHz, 1593 MHz, P0
2026/07/08 22:20:08.568, 100 %, 73 %, 68509 MiB, 81920 MiB, 62, 411.36 W, 400.00 W, 1320 MHz, 1593 MHz, P0
2026/07/08 22:20:08.818, 100 %, 66 %, 68509 MiB, 81920 MiB, 61, 407.26 W, 400.00 W, 1365 MHz, 1593 MHz, P0
2026/07/08 22:20:09.069, 100 %, 71 %, 68509 MiB, 81920 MiB, 61, 407.26 W, 400.00 W, 1350 MHz, 1593 MHz, P0
2026/07/08 22:20:09.319, 100 %, 71 %, 68509 MiB, 81920 MiB, 62, 418.05 W, 400.00 W, 1335 MHz, 1593 MHz, P0
2026/07/08 22:20:09.570, 100 %, 73 %, 68509 MiB, 81920 MiB, 62, 390.87 W, 400.00 W, 1335 MHz, 1593 MHz, P0
2026/07/08 22:20:09.820, 100 %, 69 %, 68509 MiB, 81920 MiB, 62, 372.68 W, 400.00 W, 1350 MHz, 1593 MHz, P0
2026/07/08 22:20:10.071, 100 %, 67 %, 68509 MiB, 81920 MiB, 62, 402.42 W, 400.00 W, 1320 MHz, 1593 MHz, P0
2026/07/08 22:20:10.321, 100 %, 69 %, 68509 MiB, 81920 MiB, 62, 392.39 W, 400.00 W, 1365 MHz, 1593 MHz, P0
2026/07/08 22:20:10.572, 100 %, 66 %, 68509 MiB, 81920 MiB, 62, 415.93 W, 400.00 W, 1335 MHz, 1593 MHz, P0
2026/07/08 22:20:10.822, 100 %, 64 %, 68509 MiB, 81920 MiB, 62, 377.53 W, 400.00 W, 1335 MHz, 1593 MHz, P0
2026/07/08 22:20:11.073, 100 %, 64 %, 68509 MiB, 81920 MiB, 62, 402.09 W, 400.00 W, 1320 MHz, 1593 MHz, P0
2026/07/08 22:20:11.323, 100 %, 65 %, 68509 MiB, 81920 MiB, 62, 392.07 W, 400.00 W, 1305 MHz, 1593 MHz, P0
2026/07/08 22:20:11.574, 100 %, 64 %, 68509 MiB, 81920 MiB, 62, 387.23 W, 400.00 W, 1320 MHz, 1593 MHz, P0
2026/07/08 22:20:11.824, 100 %, 65 %, 68509 MiB, 81920 MiB, 62, 389.67 W, 400.00 W, 1335 MHz, 1593 MHz, P0
2026/07/08 22:20:12.075, 100 %, 64 %, 68509 MiB, 81920 MiB, 62, 402.42 W, 400.00 W, 1305 MHz, 1593 MHz, P0
2026/07/08 22:20:12.326, 100 %, 65 %, 68509 MiB, 81920 MiB, 62, 406.34 W, 400.00 W, 1320 MHz, 1593 MHz, P0
2026/07/08 22:20:12.576, 100 %, 55 %, 68509 MiB, 81920 MiB, 59, 227.07 W, 400.00 W, 1410 MHz, 1593 MHz, P0
2026/07/08 22:20:12.827, 94 %, 20 %, 68509 MiB, 81920 MiB, 59, 334.18 W, 400.00 W, 1410 MHz, 1593 MHz, P0
2026/07/08 22:20:13.079, 100 %, 71 %, 68509 MiB, 81920 MiB, 61, 381.45 W, 400.00 W, 1380 MHz, 1593 MHz, P0
2026/07/08 22:20:13.330, 100 %, 71 %, 68509 MiB, 81920 MiB, 62, 437.42 W, 400.00 W, 1335 MHz, 1593 MHz, P0
2026/07/08 22:20:13.581, 100 %, 68 %, 68509 MiB, 81920 MiB, 62, 392.39 W, 400.00 W, 1350 MHz, 1593 MHz, P0
2026/07/08 22:20:13.831, 100 %, 70 %, 68509 MiB, 81920 MiB, 61, 380.58 W, 400.00 W, 1365 MHz, 1593 MHz, P0
2026/07/08 22:20:14.082, 100 %, 72 %, 68509 MiB, 81920 MiB, 62, 416.96 W, 400.00 W, 1335 MHz, 1593 MHz, P0
2026/07/08 22:20:14.332, 100 %, 68 %, 68509 MiB, 81920 MiB, 61, 386.95 W, 400.00 W, 1365 MHz, 1593 MHz, P0
2026/07/08 22:20:14.583, 100 %, 73 %, 68509 MiB, 81920 MiB, 61, 430.46 W, 400.00 W, 1320 MHz, 1593 MHz, P0
2026/07/08 22:20:14.833, 100 %, 69 %, 68509 MiB, 81920 MiB, 62, 389.67 W, 400.00 W, 1350 MHz, 1593 MHz, P0
2026/07/08 22:20:15.084, 100 %, 71 %, 68509 MiB, 81920 MiB, 62, 398.77 W, 400.00 W, 1365 MHz, 1593 MHz, P0
2026/07/08 22:20:15.335, 100 %, 72 %, 68509 MiB, 81920 MiB, 62, 409.39 W, 400.00 W, 1320 MHz, 1593 MHz, P0
2026/07/08 22:20:15.585, 100 %, 70 %, 68509 MiB, 81920 MiB, 62, 430.46 W, 400.00 W, 1335 MHz, 1593 MHz, P0
2026/07/08 22:20:15.836, 100 %, 71 %, 68509 MiB, 81920 MiB, 61, 403.62 W, 400.00 W, 1350 MHz, 1593 MHz, P0
2026/07/08 22:20:16.086, 100 %, 70 %, 68509 MiB, 81920 MiB, 62, 409.39 W, 400.00 W, 1350 MHz, 1593 MHz, P0
2026/07/08 22:20:16.337, 100 %, 71 %, 68509 MiB, 81920 MiB, 62, 391.80 W, 400.00 W, 1335 MHz, 1593 MHz, P0
2026/07/08 22:20:16.587, 100 %, 68 %, 68509 MiB, 81920 MiB, 61, 391.20 W, 400.00 W, 1350 MHz, 1593 MHz, P0
2026/07/08 22:20:16.838, 100 %, 70 %, 68509 MiB, 81920 MiB, 62, 444.38 W, 400.00 W, 1365 MHz, 1593 MHz, P0
2026/07/08 22:20:17.089, 100 %, 70 %, 68509 MiB, 81920 MiB, 62, 431.38 W, 400.00 W, 1350 MHz, 1593 MHz, P0
2026/07/08 22:20:17.339, 100 %, 66 %, 68509 MiB, 81920 MiB, 61, 412.99 W, 400.00 W, 1335 MHz, 1593 MHz, P0
2026/07/08 22:20:17.591, 100 %, 64 %, 68509 MiB, 81920 MiB, 61, 425.13 W, 400.00 W, 1305 MHz, 1593 MHz, P0
2026/07/08 22:20:17.842, 100 %, 65 %, 68509 MiB, 81920 MiB, 62, 409.84 W, 400.00 W, 1320 MHz, 1593 MHz, P0
2026/07/08 22:20:18.093, 100 %, 64 %, 68509 MiB, 81920 MiB, 62, 405.41 W, 400.00 W, 1320 MHz, 1593 MHz, P0
2026/07/08 22:20:18.343, 100 %, 65 %, 68509 MiB, 81920 MiB, 62, 415.76 W, 400.00 W, 1320 MHz, 1593 MHz, P0
2026/07/08 22:20:18.594, 100 %, 64 %, 68509 MiB, 81920 MiB, 61, 397.24 W, 400.00 W, 1305 MHz, 1593 MHz, P0
2026/07/08 22:20:18.844, 100 %, 64 %, 68509 MiB, 81920 MiB, 62, 394.20 W, 400.00 W, 1320 MHz, 1593 MHz, P0
2026/07/08 22:20:19.095, 100 %, 65 %, 68509 MiB, 81920 MiB, 62, 416.36 W, 400.00 W, 1320 MHz, 1593 MHz, P0
2026/07/08 22:20:19.345, 100 %, 64 %, 68509 MiB, 81920 MiB, 62, 384.50 W, 400.00 W, 1320 MHz, 1593 MHz, P0
2026/07/08 22:20:19.596, 100 %, 66 %, 68509 MiB, 81920 MiB, 62, 399.97 W, 400.00 W, 1320 MHz, 1593 MHz, P0
2026/07/08 22:20:19.846, 100 %, 64 %, 68509 MiB, 81920 MiB, 62, 392.07 W, 400.00 W, 1350 MHz, 1593 MHz, P0
2026/07/08 22:20:20.097, 100 %, 64 %, 68509 MiB, 81920 MiB, 60, 236.77 W, 400.00 W, 1395 MHz, 1593 MHz, P0
2026/07/08 22:20:20.347, 100 %, 51 %, 68509 MiB, 81920 MiB, 61, 395.72 W, 400.00 W, 1410 MHz, 1593 MHz, P0
2026/07/08 22:20:20.599, 100 %, 73 %, 68509 MiB, 81920 MiB, 61, 405.92 W, 400.00 W, 1365 MHz, 1593 MHz, P0
2026/07/08 22:20:20.850, 100 %, 71 %, 68509 MiB, 81920 MiB, 62, 397.51 W, 400.00 W, 1335 MHz, 1593 MHz, P0
2026/07/08 22:20:21.101, 100 %, 68 %, 68509 MiB, 81920 MiB, 61, 400.56 W, 400.00 W, 1365 MHz, 1593 MHz, P0
2026/07/08 22:20:21.351, 100 %, 66 %, 68509 MiB, 81920 MiB, 61, 394.52 W, 400.00 W, 1350 MHz, 1593 MHz, P0
2026/07/08 22:20:21.602, 100 %, 72 %, 68509 MiB, 81920 MiB, 62, 374.81 W, 400.00 W, 1395 MHz, 1593 MHz, P0
2026/07/08 22:20:21.852, 100 %, 71 %, 68509 MiB, 81920 MiB, 62, 406.94 W, 400.00 W, 1335 MHz, 1593 MHz, P0
2026/07/08 22:20:22.103, 100 %, 69 %, 68509 MiB, 81920 MiB, 61, 382.98 W, 400.00 W, 1350 MHz, 1593 MHz, P0
2026/07/08 22:20:22.353, 100 %, 68 %, 68509 MiB, 81920 MiB, 62, 381.18 W, 400.00 W, 1350 MHz, 1593 MHz, P0
2026/07/08 22:20:22.604, 100 %, 72 %, 68509 MiB, 81920 MiB, 61, 390.27 W, 400.00 W, 1365 MHz, 1593 MHz, P0
2026/07/08 22:20:22.854, 100 %, 71 %, 68509 MiB, 81920 MiB, 61, 396.32 W, 400.00 W, 1350 MHz, 1593 MHz, P0
2026/07/08 22:20:23.105, 100 %, 71 %, 68509 MiB, 81920 MiB, 61, 370.83 W, 400.00 W, 1335 MHz, 1593 MHz, P0
2026/07/08 22:20:23.355, 100 %, 70 %, 68509 MiB, 81920 MiB, 62, 356.02 W, 400.00 W, 1365 MHz, 1593 MHz, P0
2026/07/08 22:20:23.606, 100 %, 68 %, 68509 MiB, 81920 MiB, 61, 389.95 W, 400.00 W, 1365 MHz, 1593 MHz, P0
2026/07/08 22:20:23.856, 100 %, 72 %, 68509 MiB, 81920 MiB, 62, 378.72 W, 400.00 W, 1350 MHz, 1593 MHz, P0
2026/07/08 22:20:24.107, 100 %, 70 %, 68509 MiB, 81920 MiB, 61, 383.57 W, 400.00 W, 1335 MHz, 1593 MHz, P0
2026/07/08 22:20:24.357, 100 %, 67 %, 68509 MiB, 81920 MiB, 62, 387.55 W, 400.00 W, 1350 MHz, 1593 MHz, P0
2026/07/08 22:20:24.608, 100 %, 66 %, 68509 MiB, 81920 MiB, 62, 393.92 W, 400.00 W, 1335 MHz, 1593 MHz, P0
2026/07/08 22:20:24.858, 100 %, 66 %, 68509 MiB, 81920 MiB, 62, 406.67 W, 400.00 W, 1335 MHz, 1593 MHz, P0
2026/07/08 22:20:25.109, 100 %, 65 %, 68509 MiB, 81920 MiB, 62, 384.17 W, 400.00 W, 1320 MHz, 1593 MHz, P0
2026/07/08 22:20:25.359, 100 %, 65 %, 68517 MiB, 81920 MiB, 62, 392.07 W, 400.00 W, 1320 MHz, 1593 MHz, P0
2026/07/08 22:20:25.610, 100 %, 64 %, 68517 MiB, 81920 MiB, 62, 383.57 W, 400.00 W, 1305 MHz, 1593 MHz, P0
2026/07/08 22:20:25.860, 100 %, 64 %, 68517 MiB, 81920 MiB, 62, 387.55 W, 400.00 W, 1305 MHz, 1593 MHz, P0
2026/07/08 22:20:26.111, 100 %, 64 %, 68517 MiB, 81920 MiB, 62, 423.77 W, 400.00 W, 1320 MHz, 1593 MHz, P0
2026/07/08 22:20:26.361, 100 %, 67 %, 68517 MiB, 81920 MiB, 61, 403.29 W, 400.00 W, 1350 MHz, 1593 MHz, P0
2026/07/08 22:20:26.612, 100 %, 66 %, 68517 MiB, 81920 MiB, 61, 364.51 W, 400.00 W, 1410 MHz, 1593 MHz, P0
2026/07/08 22:20:26.863, 100 %, 46 %, 68517 MiB, 81920 MiB, 60, 362.06 W, 400.00 W, 1410 MHz, 1593 MHz, P0
2026/07/08 22:20:27.114, 100 %, 52 %, 68517 MiB, 81920 MiB, 61, 393.18 W, 400.00 W, 1350 MHz, 1593 MHz, P0
2026/07/08 22:20:27.365, 100 %, 69 %, 68517 MiB, 81920 MiB, 61, 397.51 W, 400.00 W, 1380 MHz, 1593 MHz, P0
2026/07/08 22:20:27.616, 100 %, 73 %, 68517 MiB, 81920 MiB, 62, 402.69 W, 400.00 W, 1350 MHz, 1593 MHz, P0
2026/07/08 22:20:27.867, 100 %, 67 %, 68517 MiB, 81920 MiB, 62, 411.96 W, 400.00 W, 1365 MHz, 1593 MHz, P0
2026/07/08 22:20:28.117, 100 %, 70 %, 68517 MiB, 81920 MiB, 61, 395.39 W, 400.00 W, 1335 MHz, 1593 MHz, P0
2026/07/08 22:20:28.368, 100 %, 68 %, 68517 MiB, 81920 MiB, 61, 382.05 W, 400.00 W, 1350 MHz, 1593 MHz, P0
2026/07/08 22:20:28.618, 100 %, 69 %, 68517 MiB, 81920 MiB, 61, 425.61 W, 400.00 W, 1350 MHz, 1593 MHz, P0
2026/07/08 22:20:28.869, 100 %, 71 %, 68517 MiB, 81920 MiB, 62, 416.03 W, 400.00 W, 1335 MHz, 1593 MHz, P0
2026/07/08 22:20:29.119, 100 %, 69 %, 68517 MiB, 81920 MiB, 62, 406.67 W, 400.00 W, 1350 MHz, 1593 MHz, P0
2026/07/08 22:20:29.369, 100 %, 72 %, 68517 MiB, 81920 MiB, 61, 396.92 W, 400.00 W, 1350 MHz, 1593 MHz, P0
2026/07/08 22:20:29.620, 100 %, 68 %, 68517 MiB, 81920 MiB, 61, 373.28 W, 400.00 W, 1365 MHz, 1593 MHz, P0
2026/07/08 22:20:29.870, 100 %, 71 %, 68517 MiB, 81920 MiB, 62, 410.86 W, 400.00 W, 1350 MHz, 1593 MHz, P0
2026/07/08 22:20:30.121, 100 %, 68 %, 68517 MiB, 81920 MiB, 61, 413.91 W, 400.00 W, 1365 MHz, 1593 MHz, P0
2026/07/08 22:20:30.371, 100 %, 71 %, 68517 MiB, 81920 MiB, 62, 404.82 W, 400.00 W, 1335 MHz, 1593 MHz, P0
2026/07/08 22:20:30.622, 100 %, 69 %, 68517 MiB, 81920 MiB, 62, 400.89 W, 400.00 W, 1305 MHz, 1593 MHz, P0
2026/07/08 22:20:30.872, 100 %, 68 %, 68517 MiB, 81920 MiB, 62, 407.86 W, 400.00 W, 1335 MHz, 1593 MHz, P0
2026/07/08 22:20:31.123, 100 %, 70 %, 68517 MiB, 81920 MiB, 62, 405.74 W, 400.00 W, 1365 MHz, 1593 MHz, P0
2026/07/08 22:20:31.373, 100 %, 66 %, 68517 MiB, 81920 MiB, 62, 363.26 W, 400.00 W, 1350 MHz, 1593 MHz, P0
2026/07/08 22:20:31.624, 100 %, 66 %, 68517 MiB, 81920 MiB, 62, 430.78 W, 400.00 W, 1305 MHz, 1593 MHz, P0
2026/07/08 22:20:31.874, 100 %, 65 %, 68517 MiB, 81920 MiB, 62, 395.12 W, 400.00 W, 1320 MHz, 1593 MHz, P0
2026/07/08 22:20:32.125, 100 %, 64 %, 68517 MiB, 81920 MiB, 62, 430.46 W, 400.00 W, 1305 MHz, 1593 MHz, P0
2026/07/08 22:20:32.375, 100 %, 64 %, 68517 MiB, 81920 MiB, 61, 391.80 W, 400.00 W, 1320 MHz, 1593 MHz, P0
2026/07/08 22:20:32.626, 100 %, 65 %, 68517 MiB, 81920 MiB, 62, 406.01 W, 400.00 W, 1335 MHz, 1593 MHz, P0
2026/07/08 22:20:32.877, 100 %, 65 %, 68517 MiB, 81920 MiB, 62, 375.08 W, 400.00 W, 1335 MHz, 1593 MHz, P0
2026/07/08 22:20:33.127, 100 %, 64 %, 68517 MiB, 81920 MiB, 62, 399.04 W, 400.00 W, 1320 MHz, 1593 MHz, P0
2026/07/08 22:20:33.378, 100 %, 64 %, 68517 MiB, 81920 MiB, 61, 367.83 W, 400.00 W, 1305 MHz, 1593 MHz, P0
2026/07/08 22:20:33.628, 100 %, 64 %, 68517 MiB, 81920 MiB, 62, 377.86 W, 400.00 W, 1335 MHz, 1593 MHz, P0
2026/07/08 22:20:33.879, 100 %, 66 %, 68517 MiB, 81920 MiB, 62, 395.12 W, 400.00 W, 1335 MHz, 1593 MHz, P0
2026/07/08 22:20:34.129, 100 %, 64 %, 68527 MiB, 81920 MiB, 57, 170.86 W, 400.00 W, 1410 MHz, 1593 MHz, P0
2026/07/08 22:20:34.380, 100 %, 48 %, 68527 MiB, 81920 MiB, 60, 393.18 W, 400.00 W, 1410 MHz, 1593 MHz, P0
2026/07/08 22:20:34.630, 100 %, 70 %, 68527 MiB, 81920 MiB, 61, 403.20 W, 400.00 W, 1380 MHz, 1593 MHz, P0
2026/07/08 22:20:34.881, 100 %, 74 %, 68527 MiB, 81920 MiB, 61, 387.23 W, 400.00 W, 1335 MHz, 1593 MHz, P0
2026/07/08 22:20:35.132, 100 %, 70 %, 68527 MiB, 81920 MiB, 61, 397.43 W, 400.00 W, 1350 MHz, 1593 MHz, P0
2026/07/08 22:20:35.383, 100 %, 70 %, 68527 MiB, 81920 MiB, 61, 390.87 W, 400.00 W, 1365 MHz, 1593 MHz, P0
2026/07/08 22:20:35.633, 100 %, 67 %, 68527 MiB, 81920 MiB, 61, 418.49 W, 400.00 W, 1350 MHz, 1593 MHz, P0
2026/07/08 22:20:35.884, 100 %, 72 %, 68527 MiB, 81920 MiB, 62, 413.21 W, 400.00 W, 1365 MHz, 1593 MHz, P0
2026/07/08 22:20:36.135, 100 %, 72 %, 68527 MiB, 81920 MiB, 62, 402.42 W, 400.00 W, 1350 MHz, 1593 MHz, P0
2026/07/08 22:20:36.385, 100 %, 71 %, 68527 MiB, 81920 MiB, 61, 392.39 W, 400.00 W, 1350 MHz, 1593 MHz, P0
2026/07/08 22:20:36.635, 100 %, 69 %, 68527 MiB, 81920 MiB, 62, 376.93 W, 400.00 W, 1365 MHz, 1593 MHz, P0
2026/07/08 22:20:36.886, 100 %, 70 %, 68527 MiB, 81920 MiB, 61, 392.39 W, 400.00 W, 1365 MHz, 1593 MHz, P0
2026/07/08 22:20:37.137, 100 %, 72 %, 68527 MiB, 81920 MiB, 61, 393.00 W, 400.00 W, 1350 MHz, 1593 MHz, P0
2026/07/08 22:20:37.387, 100 %, 68 %, 68527 MiB, 81920 MiB, 62, 412.11 W, 400.00 W, 1320 MHz, 1593 MHz, P0
2026/07/08 22:20:37.638, 100 %, 70 %, 68527 MiB, 81920 MiB, 62, 382.38 W, 400.00 W, 1335 MHz, 1593 MHz, P0
2026/07/08 22:20:37.888, 100 %, 69 %, 68527 MiB, 81920 MiB, 61, 395.72 W, 400.00 W, 1380 MHz, 1593 MHz, P0
2026/07/08 22:20:38.139, 100 %, 71 %, 68527 MiB, 81920 MiB, 62, 387.82 W, 400.00 W, 1350 MHz, 1593 MHz, P0
2026/07/08 22:20:38.389, 100 %, 70 %, 68527 MiB, 81920 MiB, 61, 418.05 W, 400.00 W, 1335 MHz, 1593 MHz, P0
2026/07/08 22:20:38.640, 100 %, 67 %, 68527 MiB, 81920 MiB, 62, 370.55 W, 400.00 W, 1380 MHz, 1593 MHz, P0
2026/07/08 22:20:38.893, 100 %, 66 %, 68527 MiB, 81920 MiB, 62, 376.60 W, 400.00 W, 1350 MHz, 1593 MHz, P0
2026/07/08 22:20:39.144, 100 %, 66 %, 68527 MiB, 81920 MiB, 62, 374.81 W, 400.00 W, 1320 MHz, 1593 MHz, P0
2026/07/08 22:20:39.394, 100 %, 63 %, 68527 MiB, 81920 MiB, 62, 401.17 W, 400.00 W, 1320 MHz, 1593 MHz, P0
2026/07/08 22:20:39.645, 100 %, 65 %, 68527 MiB, 81920 MiB, 62, 412.99 W, 400.00 W, 1320 MHz, 1593 MHz, P0
2026/07/08 22:20:39.895, 100 %, 64 %, 68527 MiB, 81920 MiB, 62, 388.42 W, 400.00 W, 1320 MHz, 1593 MHz, P0
2026/07/08 22:20:40.146, 100 %, 63 %, 68527 MiB, 81920 MiB, 62, 401.17 W, 400.00 W, 1305 MHz, 1593 MHz, P0
2026/07/08 22:20:40.397, 100 %, 66 %, 68527 MiB, 81920 MiB, 62, 397.51 W, 400.00 W, 1320 MHz, 1593 MHz, P0
2026/07/08 22:20:40.647, 100 %, 63 %, 68527 MiB, 81920 MiB, 62, 387.82 W, 400.00 W, 1320 MHz, 1593 MHz, P0
2026/07/08 22:20:40.898, 100 %, 65 %, 68527 MiB, 81920 MiB, 62, 372.68 W, 400.00 W, 1320 MHz, 1593 MHz, P0
2026/07/08 22:20:41.148, 97 %, 42 %, 68527 MiB, 81920 MiB, 59, 278.97 W, 400.00 W, 1410 MHz, 1593 MHz, P0
2026/07/08 22:20:41.399, 97 %, 42 %, 68527 MiB, 81920 MiB, 56, 125.47 W, 400.00 W, 1410 MHz, 1593 MHz, P0
2026/07/08 22:20:41.651, 100 %, 68 %, 68527 MiB, 81920 MiB, 60, 405.74 W, 400.00 W, 1395 MHz, 1593 MHz, P0
2026/07/08 22:20:41.902, 100 %, 68 %, 68527 MiB, 81920 MiB, 61, 378.72 W, 400.00 W, 1335 MHz, 1593 MHz, P0
2026/07/08 22:20:42.153, 100 %, 70 %, 68527 MiB, 81920 MiB, 61, 383.30 W, 400.00 W, 1365 MHz, 1593 MHz, P0
2026/07/08 22:20:42.403, 100 %, 68 %, 68527 MiB, 81920 MiB, 61, 414.68 W, 400.00 W, 1305 MHz, 1593 MHz, P0
2026/07/08 22:20:42.654, 100 %, 69 %, 68527 MiB, 81920 MiB, 61, 372.95 W, 400.00 W, 1365 MHz, 1593 MHz, P0
2026/07/08 22:20:42.904, 100 %, 69 %, 68527 MiB, 81920 MiB, 62, 409.84 W, 400.00 W, 1380 MHz, 1593 MHz, P0
2026/07/08 22:20:43.155, 100 %, 74 %, 68527 MiB, 81920 MiB, 62, 401.76 W, 400.00 W, 1335 MHz, 1593 MHz, P0
2026/07/08 22:20:43.405, 100 %, 69 %, 68527 MiB, 81920 MiB, 62, 399.37 W, 400.00 W, 1350 MHz, 1593 MHz, P0
2026/07/08 22:20:43.656, 100 %, 68 %, 68527 MiB, 81920 MiB, 62, 426.98 W, 400.00 W, 1350 MHz, 1593 MHz, P0
2026/07/08 22:20:43.906, 100 %, 70 %, 68527 MiB, 81920 MiB, 62, 386.95 W, 400.00 W, 1350 MHz, 1593 MHz, P0
2026/07/08 22:20:44.157, 100 %, 71 %, 68527 MiB, 81920 MiB, 62, 396.32 W, 400.00 W, 1335 MHz, 1593 MHz, P0
2026/07/08 22:20:44.407, 100 %, 73 %, 68527 MiB, 81920 MiB, 62, 411.18 W, 400.00 W, 1320 MHz, 1593 MHz, P0
2026/07/08 22:20:44.658, 100 %, 68 %, 68527 MiB, 81920 MiB, 61, 360.86 W, 400.00 W, 1350 MHz, 1593 MHz, P0
2026/07/08 22:20:44.908, 100 %, 68 %, 68527 MiB, 81920 MiB, 62, 411.52 W, 400.00 W, 1335 MHz, 1593 MHz, P0
2026/07/08 22:20:45.159, 100 %, 70 %, 68527 MiB, 81920 MiB, 62, 379.98 W, 400.00 W, 1365 MHz, 1593 MHz, P0
2026/07/08 22:20:45.409, 100 %, 72 %, 68527 MiB, 81920 MiB, 62, 414.51 W, 400.00 W, 1335 MHz, 1593 MHz, P0
2026/07/08 22:20:45.660, 100 %, 72 %, 68527 MiB, 81920 MiB, 61, 368.70 W, 400.00 W, 1335 MHz, 1593 MHz, P0
2026/07/08 22:20:45.911, 100 %, 67 %, 68527 MiB, 81920 MiB, 61, 408.73 W, 400.00 W, 1380 MHz, 1593 MHz, P0
2026/07/08 22:20:46.161, 100 %, 66 %, 68527 MiB, 81920 MiB, 62, 388.15 W, 400.00 W, 1350 MHz, 1593 MHz, P0
2026/07/08 22:20:46.412, 100 %, 64 %, 68527 MiB, 81920 MiB, 62, 376.60 W, 400.00 W, 1335 MHz, 1593 MHz, P0
2026/07/08 22:20:46.662, 100 %, 66 %, 68527 MiB, 81920 MiB, 61, 391.80 W, 400.00 W, 1320 MHz, 1593 MHz, P0
2026/07/08 22:20:46.913, 100 %, 65 %, 68527 MiB, 81920 MiB, 61, 379.33 W, 400.00 W, 1320 MHz, 1593 MHz, P0
2026/07/08 22:20:47.163, 100 %, 64 %, 68527 MiB, 81920 MiB, 62, 390.54 W, 400.00 W, 1320 MHz, 1593 MHz, P0
2026/07/08 22:20:47.414, 100 %, 66 %, 68527 MiB, 81920 MiB, 61, 393.00 W, 400.00 W, 1320 MHz, 1593 MHz, P0
2026/07/08 22:20:47.664, 100 %, 64 %, 68527 MiB, 81920 MiB, 62, 400.89 W, 400.00 W, 1320 MHz, 1593 MHz, P0
2026/07/08 22:20:47.915, 100 %, 63 %, 68527 MiB, 81920 MiB, 62, 399.97 W, 400.00 W, 1320 MHz, 1593 MHz, P0
2026/07/08 22:20:48.165, 100 %, 65 %, 68527 MiB, 81920 MiB, 62, 389.35 W, 400.00 W, 1305 MHz, 1593 MHz, P0
2026/07/08 22:20:48.416, 100 %, 63 %, 68527 MiB, 81920 MiB, 61, 374.48 W, 400.00 W, 1320 MHz, 1593 MHz, P0
2026/07/08 22:20:48.666, 100 %, 66 %, 68527 MiB, 81920 MiB, 61, 378.13 W, 400.00 W, 1395 MHz, 1593 MHz, P0
2026/07/08 22:20:48.917, 100 %, 64 %, 68527 MiB, 81920 MiB, 59, 211.58 W, 400.00 W, 1410 MHz, 1593 MHz, P0
2026/07/08 22:20:49.167, 100 %, 33 %, 68527 MiB, 81920 MiB, 60, 406.34 W, 400.00 W, 1410 MHz, 1593 MHz, P0
2026/07/08 22:20:49.418, 100 %, 77 %, 68527 MiB, 81920 MiB, 61, 402.87 W, 400.00 W, 1350 MHz, 1593 MHz, P0
2026/07/08 22:20:49.669, 100 %, 70 %, 68527 MiB, 81920 MiB, 61, 396.32 W, 400.00 W, 1335 MHz, 1593 MHz, P0
2026/07/08 22:20:49.919, 100 %, 71 %, 68527 MiB, 81920 MiB, 61, 384.17 W, 400.00 W, 1335 MHz, 1593 MHz, P0
2026/07/08 22:20:50.170, 100 %, 67 %, 68527 MiB, 81920 MiB, 61, 415.43 W, 400.00 W, 1395 MHz, 1593 MHz, P0
2026/07/08 22:20:50.420, 100 %, 76 %, 68527 MiB, 81920 MiB, 62, 389.35 W, 400.00 W, 1350 MHz, 1593 MHz, P0
2026/07/08 22:20:50.671, 100 %, 69 %, 68527 MiB, 81920 MiB, 62, 417.88 W, 400.00 W, 1335 MHz, 1593 MHz, P0
2026/07/08 22:20:50.921, 100 %, 72 %, 68527 MiB, 81920 MiB, 62, 376.93 W, 400.00 W, 1350 MHz, 1593 MHz, P0
2026/07/08 22:20:51.172, 100 %, 68 %, 68527 MiB, 81920 MiB, 61, 401.17 W, 400.00 W, 1395 MHz, 1593 MHz, P0
2026/07/08 22:20:51.422, 100 %, 76 %, 68527 MiB, 81920 MiB, 62, 395.39 W, 400.00 W, 1335 MHz, 1593 MHz, P0
2026/07/08 22:20:51.673, 100 %, 68 %, 68527 MiB, 81920 MiB, 62, 400.56 W, 400.00 W, 1350 MHz, 1593 MHz, P0
2026/07/08 22:20:51.923, 100 %, 69 %, 68527 MiB, 81920 MiB, 61, 362.39 W, 400.00 W, 1305 MHz, 1593 MHz, P0
2026/07/08 22:20:52.174, 100 %, 67 %, 68527 MiB, 81920 MiB, 61, 393.59 W, 400.00 W, 1395 MHz, 1593 MHz, P0
2026/07/08 22:20:52.424, 100 %, 75 %, 68527 MiB, 81920 MiB, 61, 415.43 W, 400.00 W, 1350 MHz, 1593 MHz, P0
2026/07/08 22:20:52.675, 100 %, 69 %, 68527 MiB, 81920 MiB, 61, 373.28 W, 400.00 W, 1350 MHz, 1593 MHz, P0
2026/07/08 22:20:52.925, 100 %, 69 %, 68527 MiB, 81920 MiB, 61, 351.44 W, 400.00 W, 1350 MHz, 1593 MHz, P0
2026/07/08 22:20:53.176, 100 %, 66 %, 68527 MiB, 81920 MiB, 61, 377.86 W, 400.00 W, 1365 MHz, 1593 MHz, P0
2026/07/08 22:20:53.426, 100 %, 66 %, 68527 MiB, 81920 MiB, 62, 386.30 W, 400.00 W, 1320 MHz, 1593 MHz, P0
2026/07/08 22:20:53.677, 100 %, 63 %, 68529 MiB, 81920 MiB, 61, 400.89 W, 400.00 W, 1335 MHz, 1593 MHz, P0
2026/07/08 22:20:53.927, 100 %, 66 %, 68529 MiB, 81920 MiB, 62, 383.57 W, 400.00 W, 1320 MHz, 1593 MHz, P0
2026/07/08 22:20:54.177, 100 %, 64 %, 68543 MiB, 81920 MiB, 61, 397.51 W, 400.00 W, 1320 MHz, 1593 MHz, P0
2026/07/08 22:20:54.428, 100 %, 65 %, 68543 MiB, 81920 MiB, 61, 394.52 W, 400.00 W, 1320 MHz, 1593 MHz, P0
2026/07/08 22:20:54.679, 100 %, 65 %, 68543 MiB, 81920 MiB, 61, 397.84 W, 400.00 W, 1350 MHz, 1593 MHz, P0
2026/07/08 22:20:54.929, 100 %, 65 %, 68543 MiB, 81920 MiB, 62, 405.14 W, 400.00 W, 1305 MHz, 1593 MHz, P0
2026/07/08 22:20:55.180, 100 %, 67 %, 68543 MiB, 81920 MiB, 61, 357.22 W, 400.00 W, 1350 MHz, 1593 MHz, P0
2026/07/08 22:20:55.430, 100 %, 58 %, 68543 MiB, 81920 MiB, 60, 284.10 W, 400.00 W, 1395 MHz, 1593 MHz, P0
2026/07/08 22:20:55.681, 100 %, 47 %, 68543 MiB, 81920 MiB, 61, 411.52 W, 400.00 W, 1380 MHz, 1593 MHz, P0
2026/07/08 22:20:55.931, 100 %, 75 %, 68543 MiB, 81920 MiB, 61, 370.23 W, 400.00 W, 1350 MHz, 1593 MHz, P0
2026/07/08 22:20:56.182, 100 %, 69 %, 68543 MiB, 81920 MiB, 61, 425.13 W, 400.00 W, 1365 MHz, 1593 MHz, P0
2026/07/08 22:20:56.432, 100 %, 69 %, 68543 MiB, 81920 MiB, 61, 397.51 W, 400.00 W, 1380 MHz, 1593 MHz, P0
2026/07/08 22:20:56.683, 100 %, 72 %, 68543 MiB, 81920 MiB, 61, 374.81 W, 400.00 W, 1365 MHz, 1593 MHz, P0
2026/07/08 22:20:56.933, 100 %, 71 %, 68543 MiB, 81920 MiB, 62, 401.17 W, 400.00 W, 1320 MHz, 1593 MHz, P0
2026/07/08 22:20:57.184, 100 %, 69 %, 68543 MiB, 81920 MiB, 61, 395.72 W, 400.00 W, 1350 MHz, 1593 MHz, P0
2026/07/08 22:20:57.434, 100 %, 70 %, 68543 MiB, 81920 MiB, 61, 412.99 W, 400.00 W, 1335 MHz, 1593 MHz, P0
2026/07/08 22:20:57.685, 100 %, 70 %, 68543 MiB, 81920 MiB, 62, 423.93 W, 400.00 W, 1335 MHz, 1593 MHz, P0
2026/07/08 22:20:57.935, 100 %, 70 %, 68543 MiB, 81920 MiB, 61, 417.56 W, 400.00 W, 1305 MHz, 1593 MHz, P0
2026/07/08 22:20:58.185, 100 %, 68 %, 68543 MiB, 81920 MiB, 61, 394.52 W, 400.00 W, 1335 MHz, 1593 MHz, P0
2026/07/08 22:20:58.436, 100 %, 70 %, 68543 MiB, 81920 MiB, 62, 408.14 W, 400.00 W, 1335 MHz, 1593 MHz, P0
2026/07/08 22:20:58.686, 100 %, 67 %, 68543 MiB, 81920 MiB, 61, 405.74 W, 400.00 W, 1320 MHz, 1593 MHz, P0
2026/07/08 22:20:58.937, 100 %, 67 %, 68543 MiB, 81920 MiB, 62, 410.26 W, 400.00 W, 1305 MHz, 1593 MHz, P0
2026/07/08 22:20:59.187, 100 %, 65 %, 68543 MiB, 81920 MiB, 62, 396.05 W, 400.00 W, 1320 MHz, 1593 MHz, P0
2026/07/08 22:20:59.438, 100 %, 65 %, 68543 MiB, 81920 MiB, 62, 390.87 W, 400.00 W, 1320 MHz, 1593 MHz, P0
2026/07/08 22:20:59.688, 100 %, 65 %, 68543 MiB, 81920 MiB, 61, 404.54 W, 400.00 W, 1320 MHz, 1593 MHz, P0
2026/07/08 22:20:59.939, 100 %, 62 %, 68543 MiB, 81920 MiB, 62, 396.65 W, 400.00 W, 1350 MHz, 1593 MHz, P0
2026/07/08 22:21:00.189, 100 %, 49 %, 68543 MiB, 81920 MiB, 62, 396.32 W, 400.00 W, 1410 MHz, 1593 MHz, P0
2026/07/08 22:21:00.439, 100 %, 44 %, 68543 MiB, 81920 MiB, 61, 300.17 W, 400.00 W, 1410 MHz, 1593 MHz, P0
2026/07/08 22:21:00.690, 100 %, 30 %, 68543 MiB, 81920 MiB, 59, 298.98 W, 400.00 W, 1410 MHz, 1593 MHz, P0
2026/07/08 22:21:00.940, 92 %, 20 %, 68543 MiB, 81920 MiB, 54, 109.36 W, 400.00 W, 1410 MHz, 1593 MHz, P0
